host_original	host_final	host_group	records	normalization_rule	changed
Homo sapiens	Homo sapiens		22041	UNCHANGED	NO
Gallus gallus	Gallus gallus		1789	UNCHANGED	NO
Elephas maximus	Elephas maximus		1181	UNCHANGED	NO
swine	swine		926	UNCHANGED	NO
chicken	chicken		913	UNCHANGED	NO
horse	horse		796	UNCHANGED	NO
Equus caballus	Equus caballus		778	UNCHANGED	NO
Bos taurus	Bos taurus		648	UNCHANGED	NO
Homo spaiens	Homo sapiens		409	FIX_HOMO_SPAIENS_TO_HOMO_SAPIENS	YES
equine	equine		387	UNCHANGED	NO
Sus scrofa	Sus scrofa		353	UNCHANGED	NO
Macaca mulatta	Macaca mulatta		297	UNCHANGED	NO
cattle	cattle		294	UNCHANGED	NO
pig	pig		294	UNCHANGED	NO
Felis catus	Felis catus		285	UNCHANGED	NO
red deer	Red deer		206	STANDARDIZE_FIRST_TWO_TERMS_FROM_OBSERVED_PAIR	YES
Homo sapiens; male	Homo sapiens		195	TRUNCATE_AT_FIRST_SEMICOLON	YES
Chelonia mydas	Chelonia mydas		192	UNCHANGED	NO
bovine	bovine		188	UNCHANGED	NO
Loxodonta africana	Loxodonta africana		177	UNCHANGED	NO
duck	duck		176	UNCHANGED	NO
dog	dog		137	UNCHANGED	NO
domestic cats	Domestic cats		130	STANDARDIZE_FIRST_TWO_TERMS_FROM_OBSERVED_PAIR	YES
porcine	porcine		127	UNCHANGED	NO
fallow deer	Fallow deer		120	STANDARDIZE_FIRST_TWO_TERMS_FROM_OBSERVED_PAIR	YES
domestic cat	Domestic cat		114	STANDARDIZE_FIRST_TWO_TERMS_FROM_OBSERVED_PAIR	YES
Chicken	Chicken		110	UNCHANGED	NO
Canis lupus familiaris	Canis lupus familiaris		89	UNCHANGED	NO
Macaca fascicularis	Macaca fascicularis		88	UNCHANGED	NO
mule deer	Mule deer		87	STANDARDIZE_FIRST_TWO_TERMS_FROM_OBSERVED_PAIR	YES
Equus asinus breed Pantesco	Equus asinus breed Pantesco		83	UNCHANGED	NO
Homo sapiens; female	Homo sapiens		81	TRUNCATE_AT_FIRST_SEMICOLON	YES
Bubalus bubalis	Bubalus bubalis		73	UNCHANGED	NO
Equus ferus caballus	Equus ferus caballus		71	UNCHANGED	NO
Homo sapiens; mononucleosis patient	Homo sapiens		70	TRUNCATE_AT_FIRST_SEMICOLON	YES
domestic pig	Domestic pig		67	STANDARDIZE_FIRST_TWO_TERMS_FROM_OBSERVED_PAIR	YES
thoroughbred horse	Thoroughbred horse		66	STANDARDIZE_FIRST_TWO_TERMS_FROM_OBSERVED_PAIR	YES
Lepidochelys olivacea	Lepidochelys olivacea		65	UNCHANGED	NO
Mus musculus	Mus musculus		64	UNCHANGED	NO
Halichoerus grypus	Halichoerus grypus		62	UNCHANGED	NO
sheep	sheep		60	UNCHANGED	NO
Aborted fetus (Yili horse)	Aborted fetus (Yili horse)		59	UNCHANGED	NO
Bovine	Bovine		57	UNCHANGED	NO
Capra hircus	Capra hircus		55	UNCHANGED	NO
cow	cow		53	UNCHANGED	NO
Callithrix	Callithrix		52	UNCHANGED	NO
Panthera tigris altaica	Panthera tigris altaica		52	UNCHANGED	NO
Stenella coeruleoalba	Stenella coeruleoalba		52	UNCHANGED	NO
roe deer	Roe deer		50	STANDARDIZE_FIRST_TWO_TERMS_FROM_OBSERVED_PAIR	YES
Aborted foal	Aborted foal		49	UNCHANGED	NO
Pteropus sp.	Pteropus sp.		47	UNCHANGED	NO
cat	cat		45	UNCHANGED	NO
Chlorocebus sabaeus	Chlorocebus sabaeus		43	UNCHANGED	NO
Oryctolagus cuniculus algirus	Oryctolagus cuniculus algirus		42	UNCHANGED	NO
Elephas maximus indicus	Elephas maximus indicus		41	UNCHANGED	NO
Ovis aries	Ovis aries		40	UNCHANGED	NO
goat	goat		40	UNCHANGED	NO
Homo sapiens (hematopoietic stem cell transplant recipient)	Homo sapiens (hematopoietic stem cell transplant recipient)		39	UNCHANGED	NO
wild boar	Wild boar		39	STANDARDIZE_FIRST_TWO_TERMS_FROM_OBSERVED_PAIR	YES
donkey	donkey		38	UNCHANGED	NO
white-tailed deer	White-tailed deer		37	STANDARDIZE_FIRST_TWO_TERMS_FROM_OBSERVED_PAIR	YES
Desmodus rotundus	Desmodus rotundus		36	UNCHANGED	NO
Ovibos moschatus	Ovibos moschatus		36	UNCHANGED	NO
Pig	Pig		35	UNCHANGED	NO
Meleagris gallopavo	Meleagris gallopavo		33	UNCHANGED	NO
Rangifer tarandus	Rangifer tarandus		33	UNCHANGED	NO
Sheldrake duck	Sheldrake duck		33	UNCHANGED	NO
Rhinolophus ferrumequinum	Rhinolophus ferrumequinum		32	UNCHANGED	NO
backyard chicken	Backyard chicken		32	STANDARDIZE_FIRST_TWO_TERMS_FROM_OBSERVED_PAIR	YES
turkey	turkey		32	UNCHANGED	NO
Pteropus vampyrus	Pteropus vampyrus		31	UNCHANGED	NO
buffalo	buffalo		31	UNCHANGED	NO
domestic chicken (Gallus gallus domesticus)	domestic chicken (Gallus gallus domesticus)		31	UNCHANGED	NO
fox	fox		30	UNCHANGED	NO
Indotestudo elongata	Indotestudo elongata		29	UNCHANGED	NO
Macronycteris vittatus	Macronycteris vittatus		29	UNCHANGED	NO
Martes americana	Martes americana		29	UNCHANGED	NO
feline	feline		29	UNCHANGED	NO
Gorilla beringei beringei	Gorilla beringei beringei		28	UNCHANGED	NO
Sus scrofa (wild boar)	Sus scrofa (wild boar)		28	UNCHANGED	NO
layer chicken	Layer chicken		28	STANDARDIZE_FIRST_TWO_TERMS_FROM_OBSERVED_PAIR	YES
Mastomys natalensis	Mastomys natalensis		26	UNCHANGED	NO
Rangifer tarandus tarandus (reindeer)	Rangifer tarandus tarandus (reindeer)		26	UNCHANGED	NO
Saimiri boliviensis boliviensis	Saimiri boliviensis boliviensis		26	UNCHANGED	NO
felis catus	Felis catus		26	STANDARDIZE_FIRST_TWO_TERMS_FROM_OBSERVED_PAIR	YES
Clethrionomys glareolus	Clethrionomys glareolus		25	UNCHANGED	NO
Tursiops truncatus	Tursiops truncatus		25	UNCHANGED	NO
mink	mink		25	UNCHANGED	NO
Apodemus flavicollis	Apodemus flavicollis		24	UNCHANGED	NO
Arabian thoroughbred horse	Arabian thoroughbred horse		24	UNCHANGED	NO
Rattus norvegicus	Rattus norvegicus		24	UNCHANGED	NO
Thoroughbred horse	Thoroughbred horse		23	UNCHANGED	NO
Pongo pygmaeus	Pongo pygmaeus		22	UNCHANGED	NO
Canis lupus familiaris (domestic dog)	Canis lupus familiaris (domestic dog)		21	UNCHANGED	NO
Galus gallus	Galus gallus		21	UNCHANGED	NO
Layer	Layer		21	UNCHANGED	NO
Mule duck	Mule duck		21	UNCHANGED	NO
Caretta caretta	Caretta caretta		20	UNCHANGED	NO
Homo sapiens; sex: male	Homo sapiens		20	TRUNCATE_AT_FIRST_SEMICOLON	YES
canine	canine		20	UNCHANGED	NO
Columba livia domestica (Domestic pigeon)	Columba livia domestica (Domestic pigeon)		19	UNCHANGED	NO
Gallus gallus breed white leghorn	Gallus gallus breed white leghorn		19	UNCHANGED	NO
Gyps indicus	Gyps indicus		19	UNCHANGED	NO
Megaptera novaeangliae	Megaptera novaeangliae		19	UNCHANGED	NO
Tadarida brasiliensis	Tadarida brasiliensis		19	UNCHANGED	NO
Muscovy duck	Muscovy duck		18	UNCHANGED	NO
Pan troglodytes	Pan troglodytes		18	UNCHANGED	NO
Testudo hermanni	Testudo hermanni		18	UNCHANGED	NO
Yili horse	Yili horse		18	UNCHANGED	NO
plains zebra	Plains zebra		18	STANDARDIZE_FIRST_TWO_TERMS_FROM_OBSERVED_PAIR	YES
yak	yak		18	UNCHANGED	NO
Buffalo	Buffalo		17	UNCHANGED	NO
Delphinus delphis	Delphinus delphis		17	UNCHANGED	NO
Macaca fuscata	Macaca fuscata		17	UNCHANGED	NO
Phoca vitulina	Phoca vitulina		17	UNCHANGED	NO
Rhinolophus pusillus	Rhinolophus pusillus		17	UNCHANGED	NO
Helarctus malayanus (sun bear)	Helarctus malayanus (sun bear)		16	UNCHANGED	NO
Psittacidae	Psittacidae		16	UNCHANGED	NO
broiler chicken	Broiler chicken		16	STANDARDIZE_FIRST_TWO_TERMS_FROM_OBSERVED_PAIR	YES
elephant	elephant		15	UNCHANGED	NO
layers	layers		15	UNCHANGED	NO
Elephant	Elephant		14	UNCHANGED	NO
English thoroughbred horse	English thoroughbred horse		14	UNCHANGED	NO
Mus domesticus	Mus domesticus		14	UNCHANGED	NO
Papio sp.	Papio sp.		14	UNCHANGED	NO
Layer chicken	Layer chicken		13	UNCHANGED	NO
Saimiri sciureus	Saimiri sciureus		13	UNCHANGED	NO
Setonix brachyurus	Setonix brachyurus		13	UNCHANGED	NO
commercial chickens	Commercial chickens		13	STANDARDIZE_FIRST_TWO_TERMS_FROM_OBSERVED_PAIR	YES
foal	foal		13	UNCHANGED	NO
sea lion	Sea lion		13	STANDARDIZE_FIRST_TWO_TERMS_FROM_OBSERVED_PAIR	YES
Arabian horse	Arabian horse		12	UNCHANGED	NO
Felis sp.	Felis sp.		12	UNCHANGED	NO
Gallus gallus domesticus	Gallus gallus domesticus		12	UNCHANGED	NO
racoondog	racoondog		12	UNCHANGED	NO
Equus grevyi	Equus grevyi		11	UNCHANGED	NO
Sika deer (Cervus nippon)	Sika deer (Cervus nippon)		11	UNCHANGED	NO
Stenella coeruleoalba; male	Stenella coeruleoalba		11	TRUNCATE_AT_FIRST_SEMICOLON	YES
hunting dog	Hunting dog		11	STANDARDIZE_FIRST_TWO_TERMS_FROM_OBSERVED_PAIR	YES
pigs	pigs		11	UNCHANGED	NO
Cercopithecus aethiops	Cercopithecus aethiops		10	UNCHANGED	NO
Dobsonia moluccensi	Dobsonia moluccensi		10	UNCHANGED	NO
Gallus gallus breed broiler	Gallus gallus breed broiler		10	UNCHANGED	NO
Lepus granatensis	Lepus granatensis		10	UNCHANGED	NO
Macaca nemestrina	Macaca nemestrina		10	UNCHANGED	NO
Molossus molossus	Molossus molossus		10	UNCHANGED	NO
Pan troglodytes troglodytes	Pan troglodytes troglodytes		10	UNCHANGED	NO
Sus scrofa domesticus	Sus scrofa domesticus		10	UNCHANGED	NO
Testudo horsfieldii	Testudo horsfieldii		10	UNCHANGED	NO
chicken; breed: layer	chicken		10	TRUNCATE_AT_FIRST_SEMICOLON	YES
tiger	tiger		10	UNCHANGED	NO
wild mice	Wild mice		10	STANDARDIZE_FIRST_TWO_TERMS_FROM_OBSERVED_PAIR	YES
wolf	wolf		10	UNCHANGED	NO
Ardops nichollsi	Ardops nichollsi		9	UNCHANGED	NO
Connochaetes taurinus	Connochaetes taurinus		9	UNCHANGED	NO
Eidolon dupraenum	Eidolon dupraenum		9	UNCHANGED	NO
Gallus gallus breed layer	Gallus gallus breed layer		9	UNCHANGED	NO
Gorilla gorilla gorilla	Gorilla gorilla gorilla		9	UNCHANGED	NO
Holstein cattle	Holstein cattle		9	UNCHANGED	NO
Homo Sapiens 2 months old boy	Homo sapiens 2 months old boy		9	STANDARDIZE_FIRST_TWO_TERMS_FROM_OBSERVED_PAIR	YES
Homo sapiens; nasopharyngeal carcinoma patient	Homo sapiens		9	TRUNCATE_AT_FIRST_SEMICOLON	YES
Psittacula krameri	Psittacula krameri		9	UNCHANGED	NO
Saimiri sp.; female	Saimiri sp.		9	TRUNCATE_AT_FIRST_SEMICOLON	YES
Stenella frontalis	Stenella frontalis		9	UNCHANGED	NO
Turdus philomelos	Turdus philomelos		9	UNCHANGED	NO
cheetah	cheetah		9	UNCHANGED	NO
Alces alces	Alces alces		8	UNCHANGED	NO
Columba livia	Columba livia		8	UNCHANGED	NO
Felis domesticus breed Van cat	Felis domesticus breed Van cat		8	UNCHANGED	NO
Pudu puda	Pudu puda		8	UNCHANGED	NO
Tadarida teniotis	Tadarida teniotis		8	UNCHANGED	NO
Vero cell line	Vero cell line		8	UNCHANGED	NO
beef cattle	Beef cattle		8	STANDARDIZE_FIRST_TWO_TERMS_FROM_OBSERVED_PAIR	YES
calf	calf		8	UNCHANGED	NO
chicken breed brolier	chicken breed brolier		8	UNCHANGED	NO
domestic swine	Domestic swine		8	STANDARDIZE_FIRST_TWO_TERMS_FROM_OBSERVED_PAIR	YES
layer chickens	Layer chickens		8	STANDARDIZE_FIRST_TWO_TERMS_FROM_OBSERVED_PAIR	YES
milch cow	Milch cow		8	STANDARDIZE_FIRST_TWO_TERMS_FROM_OBSERVED_PAIR	YES
vaccinated Indian native punjab broiler chicken breed	vaccinated Indian native punjab broiler chicken breed		8	UNCHANGED	NO
water buffalo	Water buffalo		8	STANDARDIZE_FIRST_TWO_TERMS_FROM_OBSERVED_PAIR	YES
Alouatta	Alouatta		7	UNCHANGED	NO
Amazona aestiva	Amazona aestiva		7	UNCHANGED	NO
Connochaetes taurinus taurinus	Connochaetes taurinus taurinus		7	UNCHANGED	NO
Equus asinus	Equus asinus		7	UNCHANGED	NO
Gallus	Gallus		7	UNCHANGED	NO
Gallus domesticus	Gallus domesticus		7	UNCHANGED	NO
Hipposideros larvatus	Hipposideros larvatus		7	UNCHANGED	NO
Kirk's dik-dik	Kirk's dik-dik		7	UNCHANGED	NO
Myotis davidii	Myotis davidii		7	UNCHANGED	NO
Odocoileus hemionus	Odocoileus hemionus		7	UNCHANGED	NO
Rousettus aegyptiacus	Rousettus aegyptiacus		7	UNCHANGED	NO
South China tiger	South China tiger		7	UNCHANGED	NO
Tadarida brasiliensis (bat)	Tadarida brasiliensis (bat)		7	UNCHANGED	NO
indigenous chicken	Indigenous chicken		7	STANDARDIZE_FIRST_TWO_TERMS_FROM_OBSERVED_PAIR	YES
pigeon	pigeon		7	UNCHANGED	NO
piglet	piglet		7	UNCHANGED	NO
zebra	zebra		7	UNCHANGED	NO
Aotus nancymaae	Aotus nancymaae		6	UNCHANGED	NO
Aotus nancymaae; sex: female	Aotus nancymaae		6	TRUNCATE_AT_FIRST_SEMICOLON	YES
Arctocephalus australis	Arctocephalus australis		6	UNCHANGED	NO
Bos indicus	Bos indicus		6	UNCHANGED	NO
Canis familiaris	Canis familiaris		6	UNCHANGED	NO
Cervus nippon	Cervus nippon		6	UNCHANGED	NO
Chelonia mydas (green turtle)	Chelonia mydas (green turtle)		6	UNCHANGED	NO
Cynomys ludovicianus (black-tailed prairie dog)	Cynomys ludovicianus (black-tailed prairie dog)		6	UNCHANGED	NO
Delphinapterus leucas (beluga whale)	Delphinapterus leucas (beluga whale)		6	UNCHANGED	NO
Domestic cat	Domestic cat		6	UNCHANGED	NO
Erythrocebus patas	Erythrocebus patas		6	UNCHANGED	NO
Gallus gallus breed Layer	Gallus gallus breed Layer		6	UNCHANGED	NO
Homo sapiens; female; 8 years old	Homo sapiens		6	TRUNCATE_AT_FIRST_SEMICOLON	YES
Loxodonta africana (African elephant)	Loxodonta africana (African elephant)		6	UNCHANGED	NO
Lynx rufus	Lynx rufus		6	UNCHANGED	NO
Macaca fuscata fuscata	Macaca fuscata fuscata		6	UNCHANGED	NO
Miniopterus schreibersii	Miniopterus schreibersii		6	UNCHANGED	NO
Monodon monoceros	Monodon monoceros		6	UNCHANGED	NO
Myodes glareolus	Myodes glareolus		6	UNCHANGED	NO
Oryctolagus cuniculus cuniculus	Oryctolagus cuniculus cuniculus		6	UNCHANGED	NO
Pan paniscus	Pan paniscus		6	UNCHANGED	NO
Pan troglodytes verus	Pan troglodytes verus		6	UNCHANGED	NO
Panthera tigris	Panthera tigris		6	UNCHANGED	NO
Porcine	Porcine		6	UNCHANGED	NO
Prionailurus bengalensis euptilurus	Prionailurus bengalensis euptilurus		6	UNCHANGED	NO
Rangifer tarandus (reindeer)	Rangifer tarandus (reindeer)		6	UNCHANGED	NO
Rattus rattus	Rattus rattus		6	UNCHANGED	NO
Sapajus sp.; female	Sapajus sp.		6	TRUNCATE_AT_FIRST_SEMICOLON	YES
Sturnira angeli	Sturnira angeli		6	UNCHANGED	NO
Tadarida brasiliensis bat	Tadarida brasiliensis bat		6	UNCHANGED	NO
Taihang Chicken	Taihang chicken		6	STANDARDIZE_FIRST_TWO_TERMS_FROM_OBSERVED_PAIR	YES
Tursiops truncatus (Atlantic bottlenose dolphin)	Tursiops truncatus (Atlantic bottlenose dolphin)		6	UNCHANGED	NO
Urocitellus richardsonii	Urocitellus richardsonii		6	UNCHANGED	NO
Ursus maritimus	Ursus maritimus		6	UNCHANGED	NO
broilers, layers	broilers, layers		6	UNCHANGED	NO
bull; sex: male	bull		6	TRUNCATE_AT_FIRST_SEMICOLON	YES
chicken; breed: Layer	chicken		6	TRUNCATE_AT_FIRST_SEMICOLON	YES
cow; female	cow		6	TRUNCATE_AT_FIRST_SEMICOLON	YES
dorcas gazelle	Dorcas gazelle		6	STANDARDIZE_FIRST_TWO_TERMS_FROM_OBSERVED_PAIR	YES
green turtle Cm	Green turtle Cm		6	STANDARDIZE_FIRST_TWO_TERMS_FROM_OBSERVED_PAIR	YES
olive ridley turtle Lo	Olive ridley turtle Lo		6	STANDARDIZE_FIRST_TWO_TERMS_FROM_OBSERVED_PAIR	YES
poultry	poultry		6	UNCHANGED	NO
vaccinated Indian Native Punjab Broiler Chicken breed	vaccinated Indian Native Punjab Broiler Chicken breed		6	UNCHANGED	NO
wild ass	Wild ass		6	STANDARDIZE_FIRST_TWO_TERMS_FROM_OBSERVED_PAIR	YES
Aotus nancymaae; sex: male	Aotus nancymaae		5	TRUNCATE_AT_FIRST_SEMICOLON	YES
Apodemus sylvaticus	Apodemus sylvaticus		5	UNCHANGED	NO
Aratinga leucophthalmus	Aratinga leucophthalmus		5	UNCHANGED	NO
Arctocephalus gazella	Arctocephalus gazella		5	UNCHANGED	NO
Bos indicus x Bos taurus	Bos indicus x Bos taurus		5	UNCHANGED	NO
Bubalus bubalis (Northern territory buffalo)	Bubalus bubalis (Northern territory buffalo)		5	UNCHANGED	NO
Capreolus capreolus	Capreolus capreolus		5	UNCHANGED	NO
Cavia porcellus	Cavia porcellus		5	UNCHANGED	NO
Cervus canadensis	Cervus canadensis		5	UNCHANGED	NO
Chelonia mydas (green sea turtle)	Chelonia mydas (green sea turtle)		5	UNCHANGED	NO
Eptesicus isabellinus	Eptesicus isabellinus		5	UNCHANGED	NO
Erinaceus europaeus	Erinaceus europaeus		5	UNCHANGED	NO
Felis catus; Tekir	Felis catus		5	TRUNCATE_AT_FIRST_SEMICOLON	YES
Gallus gallus; breed: layer chicken	Gallus gallus		5	TRUNCATE_AT_FIRST_SEMICOLON	YES
Gorilla gorilla	Gorilla gorilla		5	UNCHANGED	NO
Homo sapiens; newborn	Homo sapiens		5	TRUNCATE_AT_FIRST_SEMICOLON	YES
Horse-Native-breed	Horse-Native-breed		5	UNCHANGED	NO
Indian rhinoceros	Indian rhinoceros		5	UNCHANGED	NO
Lepidochelys kempii	Lepidochelys kempii		5	UNCHANGED	NO
Lepus europaeus	Lepus europaeus		5	UNCHANGED	NO
Mandrillus sphinx	Mandrillus sphinx		5	UNCHANGED	NO
Myotis sp.	Myotis sp.		5	UNCHANGED	NO
Pithecia pithecia	Pithecia pithecia		5	UNCHANGED	NO
Rattus norvegicus (brown rat)	Rattus norvegicus (brown rat)		5	UNCHANGED	NO
Saguinus midas	Saguinus midas		5	UNCHANGED	NO
Sciurus vulgaris	Sciurus vulgaris		5	UNCHANGED	NO
bull	bull		5	UNCHANGED	NO
bull; male	bull		5	TRUNCATE_AT_FIRST_SEMICOLON	YES
cow; sex: female	cow		5	TRUNCATE_AT_FIRST_SEMICOLON	YES
dairy cow	Dairy cow		5	STANDARDIZE_FIRST_TWO_TERMS_FROM_OBSERVED_PAIR	YES
indigenous duck	Indigenous duck		5	STANDARDIZE_FIRST_TWO_TERMS_FROM_OBSERVED_PAIR	YES
ovine	ovine		5	UNCHANGED	NO
turtle	turtle		5	UNCHANGED	NO
vaccinated Indian native aseel chicken breed	vaccinated Indian native aseel chicken breed		5	UNCHANGED	NO
yellow chicken	Yellow chicken		5	STANDARDIZE_FIRST_TWO_TERMS_FROM_OBSERVED_PAIR	YES
Akhal-teke horse (foal)	Akhal-teke horse (foal)		4	UNCHANGED	NO
Anas platyrhynchos	Anas platyrhynchos		4	UNCHANGED	NO
Aratinga aurea	Aratinga aurea		4	UNCHANGED	NO
Arctocephalus australis (South American fur seal); male	Arctocephalus australis (South American fur seal)		4	TRUNCATE_AT_FIRST_SEMICOLON	YES
Arctocephalus tropicalis (Subantarctic fur seal); male	Arctocephalus tropicalis (Subantarctic fur seal)		4	TRUNCATE_AT_FIRST_SEMICOLON	YES
Asian Elephant	Asian elephant		4	STANDARDIZE_FIRST_TWO_TERMS_FROM_OBSERVED_PAIR	YES
Balaenoptera acutorostrata	Balaenoptera acutorostrata		4	UNCHANGED	NO
Bandicota indica	Bandicota indica		4	UNCHANGED	NO
Bison bonasus	Bison bonasus		4	UNCHANGED	NO
Callorhinus ursinus; female	Callorhinus ursinus		4	TRUNCATE_AT_FIRST_SEMICOLON	YES
Callosciurus erythraeus	Callosciurus erythraeus		4	UNCHANGED	NO
Carollia perspicillata	Carollia perspicillata		4	UNCHANGED	NO
Cebus capucinus	Cebus capucinus		4	UNCHANGED	NO
Cervus alfredi	Cervus alfredi		4	UNCHANGED	NO
Chlorocebus aethiops	Chlorocebus aethiops		4	UNCHANGED	NO
Colobus guereza	Colobus guereza		4	UNCHANGED	NO
Diphylla ecaudata	Diphylla ecaudata		4	UNCHANGED	NO
Equus caballus breed Thoroughbred	Equus caballus breed Thoroughbred		4	UNCHANGED	NO
Equus caballus breed Yili	Equus caballus breed Yili		4	UNCHANGED	NO
Equus caballus; Arabian horse	Equus caballus		4	TRUNCATE_AT_FIRST_SEMICOLON	YES
Equus grevyi (Grevy's zebra)	Equus grevyi (Grevy's zebra)		4	UNCHANGED	NO
Felis catus (cat)	Felis catus (cat)		4	UNCHANGED	NO
Gazella thomsoni	Gazella thomsoni		4	UNCHANGED	NO
Giraffa camelopardalis reticulata	Giraffa camelopardalis reticulata		4	UNCHANGED	NO
Glossophaga soricina	Glossophaga soricina		4	UNCHANGED	NO
Grampus griseus	Grampus griseus		4	UNCHANGED	NO
Homo sapiens, juvenile blood	Homo sapiens, juvenile blood		4	UNCHANGED	NO
Homo sapiens; 40-year old man	Homo sapiens		4	TRUNCATE_AT_FIRST_SEMICOLON	YES
Homo sapiens; female; 42 year-old	Homo sapiens		4	TRUNCATE_AT_FIRST_SEMICOLON	YES
Homo sapiens; male; 3 years old	Homo sapiens		4	TRUNCATE_AT_FIRST_SEMICOLON	YES
Homo sapiens; male; 7 years old	Homo sapiens		4	TRUNCATE_AT_FIRST_SEMICOLON	YES
Human subjects	Human subjects		4	UNCHANGED	NO
Lepus granatensis; sex: male	Lepus granatensis		4	TRUNCATE_AT_FIRST_SEMICOLON	YES
Lepus timidus	Lepus timidus		4	UNCHANGED	NO
Macropus giganteus	Macropus giganteus		4	UNCHANGED	NO
Meles meles (European badger)	Meles meles (European badger)		4	UNCHANGED	NO
Mesoplodon densirostris	Mesoplodon densirostris		4	UNCHANGED	NO
Miniopterus schreibersii (Schreibers's long-fingered bat)	Miniopterus schreibersii (Schreibers's long-fingered bat)		4	UNCHANGED	NO
Oryctolagus cuniculus	Oryctolagus cuniculus		4	UNCHANGED	NO
Ovis canadensis	Ovis canadensis		4	UNCHANGED	NO
Pan troglodytes ellioti	Pan troglodytes ellioti		4	UNCHANGED	NO
Pan troglodytes schweinfurthii	Pan troglodytes schweinfurthii		4	UNCHANGED	NO
Rainbow lorikeet	Rainbow lorikeet		4	UNCHANGED	NO
Red deer (Cervus elaphus)	Red deer (Cervus elaphus)		4	UNCHANGED	NO
Sciurus carolinensis	Sciurus carolinensis		4	UNCHANGED	NO
Stenella frontalis (Atlantic spotted dolphin)	Stenella frontalis (Atlantic spotted dolphin)		4	UNCHANGED	NO
Tadarida brasiliensis (Brazilian free-tailed bat)	Tadarida brasiliensis (Brazilian free-tailed bat)		4	UNCHANGED	NO
Tursiops truncatus (Bottlenose dolphin)	Tursiops truncatus (Bottlenose dolphin)		4	UNCHANGED	NO
Zalophus californianus	Zalophus californianus		4	UNCHANGED	NO
Ziphius cavirostris	Ziphius cavirostris		4	UNCHANGED	NO
aborted donkey	Aborted donkey		4	STANDARDIZE_FIRST_TWO_TERMS_FROM_OBSERVED_PAIR	YES
avian	avian		4	UNCHANGED	NO
breeders	breeders		4	UNCHANGED	NO
bull; Frieswal	bull		4	TRUNCATE_AT_FIRST_SEMICOLON	YES
cattle with reproductive disorder	cattle with reproductive disorder		4	UNCHANGED	NO
chickens	chickens		4	UNCHANGED	NO
greyhound	greyhound		4	UNCHANGED	NO
harbor porpoise	Harbor porpoise		4	STANDARDIZE_FIRST_TWO_TERMS_FROM_OBSERVED_PAIR	YES
rhesus macaques	Rhesus macaques		4	STANDARDIZE_FIRST_TWO_TERMS_FROM_OBSERVED_PAIR	YES
African Green Monkey	African Green Monkey		3	UNCHANGED	NO
African green monkey	African green monkey		3	UNCHANGED	NO
Amazona oratrix	Amazona oratrix		3	UNCHANGED	NO
Aotus sp.; male	Aotus sp.		3	TRUNCATE_AT_FIRST_SEMICOLON	YES
Arabian horses	Arabian horses		3	UNCHANGED	NO
Asian elephant	Asian elephant		3	UNCHANGED	NO
Ateles paniscus	Ateles paniscus		3	UNCHANGED	NO
Backyard chicken	Backyard chicken		3	UNCHANGED	NO
Bison bison	Bison bison		3	UNCHANGED	NO
Boobok owl	Boobok owl		3	UNCHANGED	NO
Broiler breeder	Broiler breeder		3	UNCHANGED	NO
Canis lupis	Canis lupis		3	UNCHANGED	NO
Capra hircus (goat)	Capra hircus (goat)		3	UNCHANGED	NO
Capra nubiana	Capra nubiana		3	UNCHANGED	NO
Cebus apella	Cebus apella		3	UNCHANGED	NO
Cercopithecus kandti	Cercopithecus kandti		3	UNCHANGED	NO
Cervus	Cervus		3	UNCHANGED	NO
Cervus elaphus	Cervus elaphus		3	UNCHANGED	NO
Cervus timorensis	Cervus timorensis		3	UNCHANGED	NO
Crested pigeon	Crested pigeon		3	UNCHANGED	NO
Damaliscus lunatus jimela	Damaliscus lunatus jimela		3	UNCHANGED	NO
Diaemus youngi	Diaemus youngi		3	UNCHANGED	NO
Donkey	Donkey		3	UNCHANGED	NO
Eidolon helvum	Eidolon helvum		3	UNCHANGED	NO
Elaphurus davidianus	Elaphurus davidianus		3	UNCHANGED	NO
Elephas maximus; 2 year old captive born male	Elephas maximus		3	TRUNCATE_AT_FIRST_SEMICOLON	YES
Elephas maximus; male	Elephas maximus		3	TRUNCATE_AT_FIRST_SEMICOLON	YES
Equus asinus africanus	Equus asinus africanus		3	UNCHANGED	NO
Escherichia coli	Escherichia coli		3	UNCHANGED	NO
Felis catus; Angara	Felis catus		3	TRUNCATE_AT_FIRST_SEMICOLON	YES
Gallus gallus domesticus (Creole Hen)	Gallus gallus domesticus (Creole Hen)		3	UNCHANGED	NO
Gallus gallus domesticus (chicken)	Gallus gallus domesticus (chicken)		3	UNCHANGED	NO
Goat(Capra aegagrus hircus)	Goat(Capra aegagrus hircus)		3	UNCHANGED	NO
Gouldian finch	Gouldian finch		3	UNCHANGED	NO
Holstein cow	Holstein cow		3	UNCHANGED	NO
Homo sapeins	Homo sapeins		3	UNCHANGED	NO
Homo sapiens; female; 16 years old	Homo sapiens		3	TRUNCATE_AT_FIRST_SEMICOLON	YES
Homo sapiens; female; 31 years old	Homo sapiens		3	TRUNCATE_AT_FIRST_SEMICOLON	YES
Homo sapiens; female; 65 years old	Homo sapiens		3	TRUNCATE_AT_FIRST_SEMICOLON	YES
Homo sapiens; female; 7 years old	Homo sapiens		3	TRUNCATE_AT_FIRST_SEMICOLON	YES
Homo sapiens; male; 12 years old	Homo sapiens		3	TRUNCATE_AT_FIRST_SEMICOLON	YES
Homo sapiens; male; 22 years old	Homo sapiens		3	TRUNCATE_AT_FIRST_SEMICOLON	YES
Homo sapiens; male; 31 years old	Homo sapiens		3	TRUNCATE_AT_FIRST_SEMICOLON	YES
Homo sapiens; male; 34 years old	Homo sapiens		3	TRUNCATE_AT_FIRST_SEMICOLON	YES
Homo sapiens; male; 36 years old	Homo sapiens		3	TRUNCATE_AT_FIRST_SEMICOLON	YES
Homo sapiens; male; 49 years old	Homo sapiens		3	TRUNCATE_AT_FIRST_SEMICOLON	YES
Homo sapiens; male; 8 years old	Homo sapiens		3	TRUNCATE_AT_FIRST_SEMICOLON	YES
Homo sapiens; renal transplated patient	Homo sapiens		3	TRUNCATE_AT_FIRST_SEMICOLON	YES
Horse	Horse		3	UNCHANGED	NO
Inia boliviensis	Inia boliviensis		3	UNCHANGED	NO
Lontra longicaudis (neotropical river otter)	Lontra longicaudis (neotropical river otter)		3	UNCHANGED	NO
Mandrillus leucophaeus	Mandrillus leucophaeus		3	UNCHANGED	NO
Molossus molossus (bat)	Molossus molossus (bat)		3	UNCHANGED	NO
Mustela lutreola; male	Mustela lutreola		3	TRUNCATE_AT_FIRST_SEMICOLON	YES
Myotis daubentonii	Myotis daubentonii		3	UNCHANGED	NO
Myotis emarginatus	Myotis emarginatus		3	UNCHANGED	NO
Myotis escalerai	Myotis escalerai		3	UNCHANGED	NO
Myotis mystacinus	Myotis mystacinus		3	UNCHANGED	NO
Myotis oxyotus	Myotis oxyotus		3	UNCHANGED	NO
Myotis sp. (bat)	Myotis sp. (bat)		3	UNCHANGED	NO
Nasua nasua (South American coati)	Nasua nasua (South American coati)		3	UNCHANGED	NO
Nyctalus lasiopterus	Nyctalus lasiopterus		3	UNCHANGED	NO
Nyctalus leisleri	Nyctalus leisleri		3	UNCHANGED	NO
Oligoryzomys microtis (pygmy rice rat)	Oligoryzomys microtis (pygmy rice rat)		3	UNCHANGED	NO
Oryx gazella	Oryx gazella		3	UNCHANGED	NO
Otaria byronia	Otaria byronia		3	UNCHANGED	NO
Ovis aries (sheep)	Ovis aries (sheep)		3	UNCHANGED	NO
Ovis canadensis (bighorn sheep)	Ovis canadensis (bighorn sheep)		3	UNCHANGED	NO
Pan troglodytes (chimpanzee)	Pan troglodytes (chimpanzee)		3	UNCHANGED	NO
Papio anubis	Papio anubis		3	UNCHANGED	NO
Papio cynocephalus	Papio cynocephalus		3	UNCHANGED	NO
Phascolarctos cinereus	Phascolarctos cinereus		3	UNCHANGED	NO
Pipistrellus pipistrellus	Pipistrellus pipistrellus		3	UNCHANGED	NO
Plecotus austriacus	Plecotus austriacus		3	UNCHANGED	NO
Priodontes maximus (giant armadillo); female	Priodontes maximus (giant armadillo)		3	TRUNCATE_AT_FIRST_SEMICOLON	YES
Procyon lotor	Procyon lotor		3	UNCHANGED	NO
Pteronotus rubiginosus	Pteronotus rubiginosus		3	UNCHANGED	NO
Pteropus lylei	Pteropus lylei		3	UNCHANGED	NO
Puma concolor couguar	Puma concolor couguar		3	UNCHANGED	NO
Rangifer tarandus granti	Rangifer tarandus granti		3	UNCHANGED	NO
Rattus rattus (black rat)	Rattus rattus (black rat)		3	UNCHANGED	NO
Rhinolophus sinicus	Rhinolophus sinicus		3	UNCHANGED	NO
Sudan red-fronted gazelle	Sudan red-fronted gazelle		3	UNCHANGED	NO
Sus scrofa leucomystax (wild boar)	Sus scrofa leucomystax (wild boar)		3	UNCHANGED	NO
Symphalangus syndactylus	Symphalangus syndactylus		3	UNCHANGED	NO
Testudo sp.	Testudo sp.		3	UNCHANGED	NO
Thalassarche melanophris (Black-browed Albatross)	Thalassarche melanophris (Black-browed Albatross)		3	UNCHANGED	NO
Zalophus californianus; female	Zalophus californianus		3	TRUNCATE_AT_FIRST_SEMICOLON	YES
bat	bat		3	UNCHANGED	NO
broiler flocks	Broiler flocks		3	STANDARDIZE_FIRST_TWO_TERMS_FROM_OBSERVED_PAIR	YES
calf (5 days)	calf (5 days)		3	UNCHANGED	NO
calf; sex: female	calf		3	TRUNCATE_AT_FIRST_SEMICOLON	YES
dog; German shephred	dog		3	TRUNCATE_AT_FIRST_SEMICOLON	YES
equus caballus	Equus caballus		3	STANDARDIZE_FIRST_TWO_TERMS_FROM_OBSERVED_PAIR	YES
naturally infected dairy cow infected during a respiratory outbreak	naturally infected dairy cow infected during a respiratory outbreak		3	UNCHANGED	NO
rabbit	rabbit		3	UNCHANGED	NO
rat	rat		3	UNCHANGED	NO
snow leopard	Snow leopard		3	STANDARDIZE_FIRST_TWO_TERMS_FROM_OBSERVED_PAIR	YES
vaccinated Indian Native Aseel Chicken breed	vaccinated Indian Native Aseel Chicken breed		3	UNCHANGED	NO
Accipiter gentilis	Accipiter gentilis		2	UNCHANGED	NO
Acerodon celebensis	Acerodon celebensis		2	UNCHANGED	NO
Aedes	Aedes		2	UNCHANGED	NO
Aethomys kaiseri	Aethomys kaiseri		2	UNCHANGED	NO
Alouatta seniculus	Alouatta seniculus		2	UNCHANGED	NO
Anas platyrhynchos (duck)	Anas platyrhynchos (duck)		2	UNCHANGED	NO
Anas platyrhynchos domesticus (duck); breed Khaki Campbell	Anas platyrhynchos domesticus (duck)		2	TRUNCATE_AT_FIRST_SEMICOLON	YES
Anas poecilorhyncha	Anas poecilorhyncha		2	UNCHANGED	NO
Anoura geoffroyi	Anoura geoffroyi		2	UNCHANGED	NO
Anser albifrons	Anser albifrons		2	UNCHANGED	NO
Antidorcas marsupialis (Springbok)	Antidorcas marsupialis (Springbok)		2	UNCHANGED	NO
Antilope cervicapra	Antilope cervicapra		2	UNCHANGED	NO
Aotus trivirgatus	Aotus trivirgatus		2	UNCHANGED	NO
Arab-Barb	Arab-Barb		2	UNCHANGED	NO
Arctocephalus forsteri	Arctocephalus forsteri		2	UNCHANGED	NO
Arvicanthis niloticus	Arvicanthis niloticus		2	UNCHANGED	NO
Ateles belzebuth	Ateles belzebuth		2	UNCHANGED	NO
Ateles sp.	Ateles sp.		2	UNCHANGED	NO
Bos frontalis	Bos frontalis		2	UNCHANGED	NO
Bos gaurus frontalis	Bos gaurus frontalis		2	UNCHANGED	NO
Bos javanicus (Banteng cattle)	Bos javanicus (Banteng cattle)		2	UNCHANGED	NO
Bos taurus (bovine)	Bos taurus (bovine)		2	UNCHANGED	NO
Bos taurus breed Holestien	Bos taurus breed Holestien		2	UNCHANGED	NO
Broiler Flocks	Broiler flocks		2	STANDARDIZE_FIRST_TWO_TERMS_FROM_OBSERVED_PAIR	YES
Bubo bubo (Eurasian eagle owl)	Bubo bubo (Eurasian eagle owl)		2	UNCHANGED	NO
Bubo virginianus	Bubo virginianus		2	UNCHANGED	NO
Buteo buteo	Buteo buteo		2	UNCHANGED	NO
CEF	CEF		2	UNCHANGED	NO
Callithrix jacchus (marmoset)	Callithrix jacchus (marmoset)		2	UNCHANGED	NO
Callithrix penicillata	Callithrix penicillata		2	UNCHANGED	NO
Callorhinus ursinus	Callorhinus ursinus		2	UNCHANGED	NO
Canis latrans	Canis latrans		2	UNCHANGED	NO
Canis lupus	Canis lupus		2	UNCHANGED	NO
Cape blue duiker	Cape blue duiker		2	UNCHANGED	NO
Capra aegagrus (goat)	Capra aegagrus (goat)		2	UNCHANGED	NO
Capra caucasica	Capra caucasica		2	UNCHANGED	NO
Capra ibex	Capra ibex		2	UNCHANGED	NO
Cebus	Cebus		2	UNCHANGED	NO
Cebus albifrons	Cebus albifrons		2	UNCHANGED	NO
Cebus sp.	Cebus sp.		2	UNCHANGED	NO
Cercopithecus cephus	Cercopithecus cephus		2	UNCHANGED	NO
Cercopithecus neglectus	Cercopithecus neglectus		2	UNCHANGED	NO
Cervus elaphus barbarus	Cervus elaphus barbarus		2	UNCHANGED	NO
Cervus unicolor	Cervus unicolor		2	UNCHANGED	NO
Chacma baboon	Chacma baboon		2	UNCHANGED	NO
Chelonia mydas (Green Sea Turtle)	Chelonia mydas (Green Sea Turtle)		2	UNCHANGED	NO
Chelonia mydas (Green sea turtle)	Chelonia mydas (Green sea turtle)		2	UNCHANGED	NO
Chelonia mydas/Eretmochelys imbricata hybrid	Chelonia mydas/Eretmochelys imbricata hybrid		2	UNCHANGED	NO
Cochin chicken	Cochin chicken		2	UNCHANGED	NO
Common marmoset	Common marmoset		2	UNCHANGED	NO
Coturnix japonica	Coturnix japonica		2	UNCHANGED	NO
Delphinapterus leucas (beluga whale); male; 15-20-year-old	Delphinapterus leucas (beluga whale)		2	TRUNCATE_AT_FIRST_SEMICOLON	YES
Delphinapterus leucas (beluga whale); sex: male; neonate	Delphinapterus leucas (beluga whale)		2	TRUNCATE_AT_FIRST_SEMICOLON	YES
Delphinapterus leucas; juvenile; male	Delphinapterus leucas		2	TRUNCATE_AT_FIRST_SEMICOLON	YES
Dolichotis patagonum	Dolichotis patagonum		2	UNCHANGED	NO
Duck	Duck		2	UNCHANGED	NO
Elephas maximus; Vinodh, a 24-month old calf	Elephas maximus		2	TRUNCATE_AT_FIRST_SEMICOLON	YES
Elephas maximus; male; born 06-Aug-2009 and died 13-Apr-2011	Elephas maximus		2	TRUNCATE_AT_FIRST_SEMICOLON	YES
Ellipsen waterbuck	Ellipsen waterbuck		2	UNCHANGED	NO
Eptesicus furinalis (bat)	Eptesicus furinalis (bat)		2	UNCHANGED	NO
Eptesicus fuscus	Eptesicus fuscus		2	UNCHANGED	NO
Equus asinus somalicus (Somali wild ass)	Equus asinus somalicus (Somali wild ass)		2	UNCHANGED	NO
Equus caballus; breed: Arabian	Equus caballus		2	TRUNCATE_AT_FIRST_SEMICOLON	YES
Eurasian badger (Meles meles)	Eurasian badger (Meles meles)		2	UNCHANGED	NO
Falco mexicanus	Falco mexicanus		2	UNCHANGED	NO
Falco peregrinus	Falco peregrinus		2	UNCHANGED	NO
Felis	Felis		2	UNCHANGED	NO
Felis catus; Sarman	Felis catus		2	TRUNCATE_AT_FIRST_SEMICOLON	YES
Galictis cuja (lesser grison)	Galictis cuja (lesser grison)		2	UNCHANGED	NO
Gallus gallus (chicken)	Gallus gallus (chicken)		2	UNCHANGED	NO
Gallus gallus domesticus (Domestic chicken)	Gallus gallus domesticus (Domestic chicken)		2	UNCHANGED	NO
Geospiza fuliginosa	Geospiza fuliginosa		2	UNCHANGED	NO
Gerrhosaurus major (Sudan plated lizard)	Gerrhosaurus major (Sudan plated lizard)		2	UNCHANGED	NO
Hippocamelus bisulcus	Hippocamelus bisulcus		2	UNCHANGED	NO
Hippopotamus amphibius	Hippopotamus amphibius		2	UNCHANGED	NO
Hippotragus equinus	Hippotragus equinus		2	UNCHANGED	NO
Homo sapience	Homo sapience		2	UNCHANGED	NO
Homo sapiens; 3-year old boy	Homo sapiens		2	TRUNCATE_AT_FIRST_SEMICOLON	YES
Homo sapiens; 8-year old girl	Homo sapiens		2	TRUNCATE_AT_FIRST_SEMICOLON	YES
Homo sapiens; case of gingivostomatitis	Homo sapiens		2	TRUNCATE_AT_FIRST_SEMICOLON	YES
Homo sapiens; female; 29 year-old	Homo sapiens		2	TRUNCATE_AT_FIRST_SEMICOLON	YES
Homo sapiens; female; 30 year-old	Homo sapiens		2	TRUNCATE_AT_FIRST_SEMICOLON	YES
Homo sapiens; female; 65 year-old	Homo sapiens		2	TRUNCATE_AT_FIRST_SEMICOLON	YES
Homo sapiens; female; 85 year-old	Homo sapiens		2	TRUNCATE_AT_FIRST_SEMICOLON	YES
Homo sapiens; male 48 year-old	Homo sapiens		2	TRUNCATE_AT_FIRST_SEMICOLON	YES
Homo sapiens; male; 28 year-old	Homo sapiens		2	TRUNCATE_AT_FIRST_SEMICOLON	YES
Homo sapiens; male; 33 year-old	Homo sapiens		2	TRUNCATE_AT_FIRST_SEMICOLON	YES
Homo sapiens; male; 38 year-old	Homo sapiens		2	TRUNCATE_AT_FIRST_SEMICOLON	YES
Homo sapiens; male; 39 year-old	Homo sapiens		2	TRUNCATE_AT_FIRST_SEMICOLON	YES
Homo sapiens; male; 40 year-old	Homo sapiens		2	TRUNCATE_AT_FIRST_SEMICOLON	YES
Homo sapiens; male; 47 year-old	Homo sapiens		2	TRUNCATE_AT_FIRST_SEMICOLON	YES
Homo sapiens; male; 48 year-old	Homo sapiens		2	TRUNCATE_AT_FIRST_SEMICOLON	YES
Homo sapiens; male; 53 year-old	Homo sapiens		2	TRUNCATE_AT_FIRST_SEMICOLON	YES
Homo sapiens; male; 58 year-old	Homo sapiens		2	TRUNCATE_AT_FIRST_SEMICOLON	YES
Homo sapiens; male; 61 year-old	Homo sapiens		2	TRUNCATE_AT_FIRST_SEMICOLON	YES
Homo sapiens; male; 68 year-old	Homo sapiens		2	TRUNCATE_AT_FIRST_SEMICOLON	YES
Homo sapiens; male; 69 year-old	Homo sapiens		2	TRUNCATE_AT_FIRST_SEMICOLON	YES
Homo sapiens; male; 70 year-old	Homo sapiens		2	TRUNCATE_AT_FIRST_SEMICOLON	YES
Homo sapiens; male; 71 year-old	Homo sapiens		2	TRUNCATE_AT_FIRST_SEMICOLON	YES
Homo sapiens; male; 74 year-old	Homo sapiens		2	TRUNCATE_AT_FIRST_SEMICOLON	YES
Homo sapiens; male; 77 year-old	Homo sapiens		2	TRUNCATE_AT_FIRST_SEMICOLON	YES
Homo sapiens; sex: female	Homo sapiens		2	TRUNCATE_AT_FIRST_SEMICOLON	YES
Homo spioens	Homo spioens		2	UNCHANGED	NO
Hypsugo savii	Hypsugo savii		2	UNCHANGED	NO
Indian sambar	Indian sambar		2	UNCHANGED	NO
Indo-Pacific humpback dolphin	Indo-Pacific humpback dolphin		2	UNCHANGED	NO
Javan rusa	Javan rusa		2	UNCHANGED	NO
Kobus ellipsiprymnus	Kobus ellipsiprymnus		2	UNCHANGED	NO
Lagenorhynchus obliquidens	Lagenorhynchus obliquidens		2	UNCHANGED	NO
Lagothrix sp.; female	Lagothrix sp.		2	TRUNCATE_AT_FIRST_SEMICOLON	YES
Lemur catta	Lemur catta		2	UNCHANGED	NO
Leontocebus sp.; male	Leontocebus sp.		2	TRUNCATE_AT_FIRST_SEMICOLON	YES
Leopardus pardalis (ocelot)	Leopardus pardalis (ocelot)		2	UNCHANGED	NO
Macaca arctoides	Macaca arctoides		2	UNCHANGED	NO
Macaca nemestrina (pig-tailed macaque)	Macaca nemestrina (pig-tailed macaque)		2	UNCHANGED	NO
Macaca silenus	Macaca silenus		2	UNCHANGED	NO
Macropodidae	Macropodidae		2	UNCHANGED	NO
Macropus giganteus (eastern grey kangaroo)	Macropus giganteus (eastern grey kangaroo)		2	UNCHANGED	NO
Mandrillus leucophaeus/sphinx	Mandrillus leucophaeus/sphinx		2	UNCHANGED	NO
Meles meles	Meles meles		2	UNCHANGED	NO
Mephitis mephitis	Mephitis mephitis		2	UNCHANGED	NO
Molossus coibensis	Molossus coibensis		2	UNCHANGED	NO
Mus musculus domesticus	Mus musculus domesticus		2	UNCHANGED	NO
Mus musculus musculus	Mus musculus musculus		2	UNCHANGED	NO
Myotis myotis	Myotis myotis		2	UNCHANGED	NO
Myotis ricketti	Myotis ricketti		2	UNCHANGED	NO
Myotis velifer incautus; sex: F; dev_stage: adult	Myotis velifer incautus		2	TRUNCATE_AT_FIRST_SEMICOLON	YES
Nankeen kestrel	Nankeen kestrel		2	UNCHANGED	NO
Nannopterum brasilianus	Nannopterum brasilianus		2	UNCHANGED	NO
Neophocaena asiaeorientalis asiaeorientalis (Yangtze finless porpoise)	Neophocaena asiaeorientalis asiaeorientalis (Yangtze finless porpoise)		2	UNCHANGED	NO
Neoromicia helios	Neoromicia helios		2	UNCHANGED	NO
Nyctereutes procyonoides	Nyctereutes procyonoides		2	UNCHANGED	NO
Odocoileus virginianus	Odocoileus virginianus		2	UNCHANGED	NO
Odocoilus hemionus	Odocoilus hemionus		2	UNCHANGED	NO
Ovis dalli stonei	Ovis dalli stonei		2	UNCHANGED	NO
Pagophilus groenlandicus	Pagophilus groenlandicus		2	UNCHANGED	NO
Pan paniscus (bonobo)	Pan paniscus (bonobo)		2	UNCHANGED	NO
Papio	Papio		2	UNCHANGED	NO
Papio hamadryas	Papio hamadryas		2	UNCHANGED	NO
Papio ursinus	Papio ursinus		2	UNCHANGED	NO
Phascolarctos cinereus (koala)	Phascolarctos cinereus (koala)		2	UNCHANGED	NO
Phocoena phocoena	Phocoena phocoena		2	UNCHANGED	NO
Pigs	Pigs		2	UNCHANGED	NO
Piliocolobus badius	Piliocolobus badius		2	UNCHANGED	NO
Pionites leucogaster	Pionites leucogaster		2	UNCHANGED	NO
Pipistrellus kuhlii	Pipistrellus kuhlii		2	UNCHANGED	NO
Pithecia pithecia pithecia	Pithecia pithecia pithecia		2	UNCHANGED	NO
Poephagus grunniens (yak)	Poephagus grunniens (yak)		2	UNCHANGED	NO
Pontoporia blainvillei	Pontoporia blainvillei		2	UNCHANGED	NO
Procyon cancrivorus (crab-eating raccoon)	Procyon cancrivorus (crab-eating raccoon)		2	UNCHANGED	NO
Pseudalopex fulvipes	Pseudalopex fulvipes		2	UNCHANGED	NO
Pseudemys concinna concinna (Eastern river cooter)	Pseudemys concinna concinna (Eastern river cooter)		2	UNCHANGED	NO
Pteropus scapulatus	Pteropus scapulatus		2	UNCHANGED	NO
Pusa hispida	Pusa hispida		2	UNCHANGED	NO
Qingyuan partridge chicken	Qingyuan partridge chicken		2	UNCHANGED	NO
Rangifer tarandus (mountain reindeer); male	Rangifer tarandus (mountain reindeer)		2	TRUNCATE_AT_FIRST_SEMICOLON	YES
Rangifer tarandus granti (Caribou)	Rangifer tarandus granti (Caribou)		2	UNCHANGED	NO
Rangifer tarandus tarandus	Rangifer tarandus tarandus		2	UNCHANGED	NO
Rousettus aegyptiacus (Egyptian fruit bat)	Rousettus aegyptiacus (Egyptian fruit bat)		2	UNCHANGED	NO
Rusa timorensis (synonym: Cervus timorensis; rusa deer)	Rusa timorensis (synonym: Cervus timorensis		2	TRUNCATE_AT_FIRST_SEMICOLON	YES
SPF-chicken	SPF-chicken		2	UNCHANGED	NO
Sacred kingfisher	Sacred kingfisher		2	UNCHANGED	NO
Saimiri scireus	Saimiri scireus		2	UNCHANGED	NO
Saimiri sciureus albigena	Saimiri sciureus albigena		2	UNCHANGED	NO
Siberian tigris	Siberian tigris		2	UNCHANGED	NO
Stenella coeruleoalba; female	Stenella coeruleoalba		2	TRUNCATE_AT_FIRST_SEMICOLON	YES
Stenella longirostris	Stenella longirostris		2	UNCHANGED	NO
Stigmochelys pardalis	Stigmochelys pardalis		2	UNCHANGED	NO
Sturnira tildae	Sturnira tildae		2	UNCHANGED	NO
Sus barbatus	Sus barbatus		2	UNCHANGED	NO
Sus scrofa (swine)	Sus scrofa (swine)		2	UNCHANGED	NO
Tamias striatus	Tamias striatus		2	UNCHANGED	NO
Tragulus kanchil	Tragulus kanchil		2	UNCHANGED	NO
Trichechus inunguis	Trichechus inunguis		2	UNCHANGED	NO
Turkey	Turkey		2	UNCHANGED	NO
Tursiops truncatus (captive juvenile male bottlenose dolphin) K231	Tursiops truncatus (captive juvenile male bottlenose dolphin) K231		2	UNCHANGED	NO
Ursus maritimus (polar bear)	Ursus maritimus (polar bear)		2	UNCHANGED	NO
Vombatus ursinus	Vombatus ursinus		2	UNCHANGED	NO
Vulpes vulpes (red fox)	Vulpes vulpes (red fox)		2	UNCHANGED	NO
baboon	baboon		2	UNCHANGED	NO
backyard flocks	Backyard flocks		2	STANDARDIZE_FIRST_TWO_TERMS_FROM_OBSERVED_PAIR	YES
bear	bear		2	UNCHANGED	NO
bird	bird		2	UNCHANGED	NO
blackbuck (indian antelope)	blackbuck (indian antelope)		2	UNCHANGED	NO
bottlenose dolphin	Bottlenose dolphin		2	STANDARDIZE_FIRST_TWO_TERMS_FROM_OBSERVED_PAIR	YES
broiler	broiler		2	UNCHANGED	NO
cattle (1 year)	cattle (1 year)		2	UNCHANGED	NO
cattle; female	cattle		2	TRUNCATE_AT_FIRST_SEMICOLON	YES
darcopsis wallaby	Darcopsis wallaby		2	STANDARDIZE_FIRST_TWO_TERMS_FROM_OBSERVED_PAIR	YES
feral pigeons	Feral pigeons		2	STANDARDIZE_FIRST_TWO_TERMS_FROM_OBSERVED_PAIR	YES
feral swine	Feral swine		2	STANDARDIZE_FIRST_TWO_TERMS_FROM_OBSERVED_PAIR	YES
gazelle	gazelle		2	UNCHANGED	NO
goose	goose		2	UNCHANGED	NO
green turtle	Green turtle		2	STANDARDIZE_FIRST_TWO_TERMS_FROM_OBSERVED_PAIR	YES
horse; native breed	horse		2	TRUNCATE_AT_FIRST_SEMICOLON	YES
layer	layer		2	UNCHANGED	NO
native chicken	Native chicken		2	STANDARDIZE_FIRST_TWO_TERMS_FROM_OBSERVED_PAIR	YES
new born calf	new born calf		2	UNCHANGED	NO
nude mouse-passaged nasopharyngeal carcinoma tissues	nude mouse-passaged nasopharyngeal carcinoma tissues		2	UNCHANGED	NO
olive baboon	Olive baboon		2	STANDARDIZE_FIRST_TWO_TERMS_FROM_OBSERVED_PAIR	YES
pig-tailed macaque	Pig-tailed macaque		2	STANDARDIZE_FIRST_TWO_TERMS_FROM_OBSERVED_PAIR	YES
poultry layer	Poultry layer		2	STANDARDIZE_FIRST_TWO_TERMS_FROM_OBSERVED_PAIR	YES
quail	quail		2	UNCHANGED	NO
racing pigeon	Racing pigeon		2	STANDARDIZE_FIRST_TWO_TERMS_FROM_OBSERVED_PAIR	YES
red fox	Red fox		2	STANDARDIZE_FIRST_TWO_TERMS_FROM_OBSERVED_PAIR	YES
roan antelope	Roan antelope		2	STANDARDIZE_FIRST_TWO_TERMS_FROM_OBSERVED_PAIR	YES
thorouhgbred horse; male	Thorouhgbred horse		2	TRUNCATE_AT_FIRST_SEMICOLON;STANDARDIZE_FIRST_TWO_TERMS_FROM_OBSERVED_PAIR	YES
vaccinated Indian Native Assel Chicken breed	vaccinated Indian Native Assel Chicken breed		2	UNCHANGED	NO
vaccinated White Leghorn	vaccinated White Leghorn		2	UNCHANGED	NO
wildebeest	wildebeest		2	UNCHANGED	NO
Abrornis inornata	Abrornis inornata		1	UNCHANGED	NO
Accipiter cooperii	Accipiter cooperii		1	UNCHANGED	NO
Addax, Arabian oryx	Addax, Arabian oryx		1	UNCHANGED	NO
Addax, Indian axis deer, Nile lechwe, Uganda kob	Addax, Indian axis deer, Nile lechwe, Uganda kob		1	UNCHANGED	NO
Aepyceros melampus	Aepyceros melampus		1	UNCHANGED	NO
Aepyceros melampus (Impala)	Aepyceros melampus (Impala)		1	UNCHANGED	NO
Aloautta guariba clamitans (red howler monkey)	Aloautta guariba clamitans (red howler monkey)		1	UNCHANGED	NO
Alouatta macconnelli	Alouatta macconnelli		1	UNCHANGED	NO
Alouatta palliata	Alouatta palliata		1	UNCHANGED	NO
Alpine ibex, Angolan roan antelope, East African eland, White-lipped deer	Alpine ibex, Angolan roan antelope, East African eland, White-lipped deer		1	UNCHANGED	NO
Amazona aestiva (blue-fronted Amazon parrot)	Amazona aestiva (blue-fronted Amazon parrot)		1	UNCHANGED	NO
Amazona amazonica	Amazona amazonica		1	UNCHANGED	NO
Anarhynchus wilsonia (Wilson's Plover)	Anarhynchus wilsonia (Wilson's Plover)		1	UNCHANGED	NO
Anas acuta	Anas acuta		1	UNCHANGED	NO
Anas platyrhynchos domesticus	Anas platyrhynchos domesticus		1	UNCHANGED	NO
Anas platyrhynchos domesticus (duck)	Anas platyrhynchos domesticus (duck)		1	UNCHANGED	NO
Anas platyrhynchos domesticus (duck); sex male; breed Khaki Campbell	Anas platyrhynchos domesticus (duck)		1	TRUNCATE_AT_FIRST_SEMICOLON	YES
Anas platyrhynchos; sex: male; breed: Khaki Campbell	Anas platyrhynchos		1	TRUNCATE_AT_FIRST_SEMICOLON	YES
Anatid species	Anatid species		1	UNCHANGED	NO
Anatidae sp.	Anatidae sp.		1	UNCHANGED	NO
Anodorhynchus hyacinthinus	Anodorhynchus hyacinthinus		1	UNCHANGED	NO
Anser anser; ACDP:17-01508	Anser anser		1	TRUNCATE_AT_FIRST_SEMICOLON	YES
Anser anser; ACDP:21-00380	Anser anser		1	TRUNCATE_AT_FIRST_SEMICOLON	YES
Anser anser; ACDP:89-0066	Anser anser		1	TRUNCATE_AT_FIRST_SEMICOLON	YES
Antechinus	Antechinus		1	UNCHANGED	NO
Aonyx cinerea (oriental small-clawed otter)	Aonyx cinerea (oriental small-clawed otter)		1	UNCHANGED	NO
Aotus azarai	Aotus azarai		1	UNCHANGED	NO
Aotus vociferans	Aotus vociferans		1	UNCHANGED	NO
Apodemus agrarius	Apodemus agrarius		1	UNCHANGED	NO
Apodemus flavicollis voucher 3438	Apodemus flavicollis voucher 3438		1	UNCHANGED	NO
Apodemus sp.	Apodemus sp.		1	UNCHANGED	NO
Arabian Horse	Arabian horse		1	STANDARDIZE_FIRST_TWO_TERMS_FROM_OBSERVED_PAIR	YES
Arabian horse; sudden death old aged horse; 4.5 years	Arabian horse		1	TRUNCATE_AT_FIRST_SEMICOLON	YES
Arabian horse; sudden death young foal	Arabian horse		1	TRUNCATE_AT_FIRST_SEMICOLON	YES
Arabian horse; sudden death young foal; 2 months	Arabian horse		1	TRUNCATE_AT_FIRST_SEMICOLON	YES
Arabian horse; sudden death young foal; 4 month	Arabian horse		1	TRUNCATE_AT_FIRST_SEMICOLON	YES
Arabian horse; sudden death young foal; 54 days	Arabian horse		1	TRUNCATE_AT_FIRST_SEMICOLON	YES
Arctocephalus australis (South American fur seal)	Arctocephalus australis (South American fur seal)		1	UNCHANGED	NO
Arctocephalus australis (South American fur seal); sex: male	Arctocephalus australis (South American fur seal)		1	TRUNCATE_AT_FIRST_SEMICOLON	YES
Arctocephalus tropicalis	Arctocephalus tropicalis		1	UNCHANGED	NO
Ardea cinerea	Ardea cinerea		1	UNCHANGED	NO
Ardenna gravis (Great Shearwater); adult male	Ardenna gravis (Great Shearwater)		1	TRUNCATE_AT_FIRST_SEMICOLON	YES
Artibeus lituratus	Artibeus lituratus		1	UNCHANGED	NO
Artibeus planirostris	Artibeus planirostris		1	UNCHANGED	NO
Arvicola terrestris	Arvicola terrestris		1	UNCHANGED	NO
Asian elephant; male	Asian elephant		1	TRUNCATE_AT_FIRST_SEMICOLON	YES
Asiatic elephant	Asiatic elephant		1	UNCHANGED	NO
Ateles fusciceps robutus	Ateles fusciceps robutus		1	UNCHANGED	NO
Ateles geoffroyi	Ateles geoffroyi		1	UNCHANGED	NO
Atlantic bottlenose dolphin	Atlantic bottlenose dolphin		1	UNCHANGED	NO
Atlantic striped dolphin	Atlantic striped dolphin		1	UNCHANGED	NO
Australian domestic geese	Australian domestic geese		1	UNCHANGED	NO
Babyrousa babyrussa	Babyrousa babyrussa		1	UNCHANGED	NO
Backyard turkey	Backyard turkey		1	UNCHANGED	NO
Bactrian camel	Bactrian camel		1	UNCHANGED	NO
Balaenoptera brydei	Balaenoptera brydei		1	UNCHANGED	NO
Balaenoptera physalus	Balaenoptera physalus		1	UNCHANGED	NO
Bandicota savilei voucher 4339	Bandicota savilei voucher 4339		1	UNCHANGED	NO
Blackbuck, Cretan wild goat	Blackbuck, Cretan wild goat		1	UNCHANGED	NO
Blainville's beaked whale (Mesoplodon densirostris)	Blainville's beaked whale (Mesoplodon densirostris)		1	UNCHANGED	NO
Blainville's beaked whale K285	Blainville's beaked whale K285		1	UNCHANGED	NO
Bos Taurus	Bos taurus		1	STANDARDIZE_FIRST_TWO_TERMS_FROM_OBSERVED_PAIR	YES
Bos frontalis gaurus	Bos frontalis gaurus		1	UNCHANGED	NO
Bos indicus breed Khillar	Bos indicus breed Khillar		1	UNCHANGED	NO
Bos taurus Ind-293521	Bos taurus Ind-293521		1	UNCHANGED	NO
Bos taurus breed Alatau	Bos taurus breed Alatau		1	UNCHANGED	NO
Bos taurus breed Holstein	Bos taurus breed Holstein		1	UNCHANGED	NO
Bos taurus breed Holstein freisian crossbred	Bos taurus breed Holstein freisian crossbred		1	UNCHANGED	NO
Bos taurus breed Jersey crossbreed	Bos taurus breed Jersey crossbreed		1	UNCHANGED	NO
Bos taurus; age: 6 years old; breed: holstein	Bos taurus		1	TRUNCATE_AT_FIRST_SEMICOLON	YES
Bos taurus; breed: Holstein	Bos taurus		1	TRUNCATE_AT_FIRST_SEMICOLON	YES
Bos taurus; breed: holstein	Bos taurus		1	TRUNCATE_AT_FIRST_SEMICOLON	YES
Bos taurus; calf	Bos taurus		1	TRUNCATE_AT_FIRST_SEMICOLON	YES
Breeder chicken	Breeder chicken		1	UNCHANGED	NO
British Shorthair Cat	British Shorthair Cat		1	UNCHANGED	NO
Bubalus bubalis (Nothern territory buffalo)	Bubalus bubalis (Nothern territory buffalo)		1	UNCHANGED	NO
Bubalus bubalis (buffalo)	Bubalus bubalis (buffalo)		1	UNCHANGED	NO
Bubalus bubalis (water buffalo)	Bubalus bubalis (water buffalo)		1	UNCHANGED	NO
Bubalus bubalis Ind-295923	Bubalus bubalis Ind-295923		1	UNCHANGED	NO
Bubalus bubalis Ind-295955	Bubalus bubalis Ind-295955		1	UNCHANGED	NO
Bubo bubo (eagle-owl)	Bubo bubo (eagle-owl)		1	UNCHANGED	NO
Burkitt lymphoma cell line Jijoye	Burkitt lymphoma cell line Jijoye		1	UNCHANGED	NO
Burkitt lymphoma cell line Raji	Burkitt lymphoma cell line Raji		1	UNCHANGED	NO
Burmese thamin	Burmese thamin		1	UNCHANGED	NO
Buteo buteo (common buzzard)	Buteo buteo (common buzzard)		1	UNCHANGED	NO
Cacatua galerita	Cacatua galerita		1	UNCHANGED	NO
Cairina moschata (Muscovy duck)	Cairina moschata (Muscovy duck)		1	UNCHANGED	NO
Calf	Calf		1	UNCHANGED	NO
Callicebus	Callicebus		1	UNCHANGED	NO
Callithrix geoffroyi (white-headed marmoset)	Callithrix geoffroyi (white-headed marmoset)		1	UNCHANGED	NO
Callithrix jacchus	Callithrix jacchus		1	UNCHANGED	NO
Callithrix penicillata (black-tufted marmoset)	Callithrix penicillata (black-tufted marmoset)		1	UNCHANGED	NO
Callosciurus prevostii	Callosciurus prevostii		1	UNCHANGED	NO
Calonectris borealis (Cory's Shearwater)	Calonectris borealis (Cory's Shearwater)		1	UNCHANGED	NO
Calonectris borealis (Cory's Shearwater); juvenile male	Calonectris borealis (Cory's Shearwater)		1	TRUNCATE_AT_FIRST_SEMICOLON	YES
Calonectris edwardsii (Cape Verde Shearwater)	Calonectris edwardsii (Cape Verde Shearwater)		1	UNCHANGED	NO
Canin	Canin		1	UNCHANGED	NO
Canis lupus familiaris (English bulldog)	Canis lupus familiaris (English bulldog)		1	UNCHANGED	NO
Canis lupus familiaris (Golden retriever)	Canis lupus familiaris (Golden retriever)		1	UNCHANGED	NO
Canis lupus familiaris (Labrador Retriever)	Canis lupus familiaris (Labrador Retriever)		1	UNCHANGED	NO
Canis lupus familiaris (dog)	Canis lupus familiaris (dog)		1	UNCHANGED	NO
Cape blue duiker, Persian goitered gazelle	Cape blue duiker, Persian goitered gazelle		1	UNCHANGED	NO
Cape blue duiker, Red-flanked duiker	Cape blue duiker, Red-flanked duiker		1	UNCHANGED	NO
Cavendish's dik dik	Cavendish's dik dik		1	UNCHANGED	NO
Cercocebus agilis	Cercocebus agilis		1	UNCHANGED	NO
Cercocebus atys	Cercocebus atys		1	UNCHANGED	NO
Cercopithecus hamlyni	Cercopithecus hamlyni		1	UNCHANGED	NO
Cercopithecus nictitans	Cercopithecus nictitans		1	UNCHANGED	NO
Certhidea olivacea	Certhidea olivacea		1	UNCHANGED	NO
Cervus canadensis (elk)	Cervus canadensis (elk)		1	UNCHANGED	NO
Cervus nippon taiouanus	Cervus nippon taiouanus		1	UNCHANGED	NO
Chelonia mydas (green sea turtles)	Chelonia mydas (green sea turtles)		1	UNCHANGED	NO
Chersina angulata	Chersina angulata		1	UNCHANGED	NO
Chicken; COBB 430Y	Chicken		1	TRUNCATE_AT_FIRST_SEMICOLON	YES
Chironectes minimus (water opossum)	Chironectes minimus (water opossum)		1	UNCHANGED	NO
Choloepus didactylus (two-toed sloth); sex: male	Choloepus didactylus (two-toed sloth)		1	TRUNCATE_AT_FIRST_SEMICOLON	YES
Colobus badius	Colobus badius		1	UNCHANGED	NO
Colobus polykomos	Colobus polykomos		1	UNCHANGED	NO
Columba livia (rock dove)	Columba livia (rock dove)		1	UNCHANGED	NO
Columba sp.	Columba sp.		1	UNCHANGED	NO
Corvus cornix	Corvus cornix		1	UNCHANGED	NO
Crocidura russula	Crocidura russula		1	UNCHANGED	NO
Cygnus atratus; ACDP:9103-25-1145	Cygnus atratus		1	TRUNCATE_AT_FIRST_SEMICOLON	YES
Cystophora cristata	Cystophora cristata		1	UNCHANGED	NO
Delphinapterus leucas (Beluga whale); dev_stage: adult; sex: female	Delphinapterus leucas (Beluga whale)		1	TRUNCATE_AT_FIRST_SEMICOLON	YES
Delphinapterus leucas (Beluga whale); dev_stage: juvenile; sex: female	Delphinapterus leucas (Beluga whale)		1	TRUNCATE_AT_FIRST_SEMICOLON	YES
Delphinapterus leucas (beluga whale); 29 yo	Delphinapterus leucas (beluga whale)		1	TRUNCATE_AT_FIRST_SEMICOLON	YES
Delphinapterus leucas (beluga whale); adult; male; 10 yo	Delphinapterus leucas (beluga whale)		1	TRUNCATE_AT_FIRST_SEMICOLON	YES
Delphinapterus leucas (beluga whale); adult; male; 15-20 yo	Delphinapterus leucas (beluga whale)		1	TRUNCATE_AT_FIRST_SEMICOLON	YES
Delphinapterus leucas (beluga whale); juvenile	Delphinapterus leucas (beluga whale)		1	TRUNCATE_AT_FIRST_SEMICOLON	YES
Delphinapterus leucas BB-12-04	Delphinapterus leucas BB-12-04		1	UNCHANGED	NO
Delphinapterus leucas DL-12-01	Delphinapterus leucas DL-12-01		1	UNCHANGED	NO
Delphinapterus leucas DL-BB-12-01	Delphinapterus leucas DL-BB-12-01		1	UNCHANGED	NO
Delphinapterus leucas DL-BB-12-02	Delphinapterus leucas DL-BB-12-02		1	UNCHANGED	NO
Delphinapterus leucas DL-BB-12-08	Delphinapterus leucas DL-BB-12-08		1	UNCHANGED	NO
Delphinapterus leucas; dev_stage: adult; sex: female	Delphinapterus leucas		1	TRUNCATE_AT_FIRST_SEMICOLON	YES
Delphinapterus leucas; juvenile	Delphinapterus leucas		1	TRUNCATE_AT_FIRST_SEMICOLON	YES
Dermochelys coriacea	Dermochelys coriacea		1	UNCHANGED	NO
Desert bighorn, Arabian oryx	Desert bighorn, Arabian oryx		1	UNCHANGED	NO
Domestic Dog	Domestic dog		1	STANDARDIZE_FIRST_TWO_TERMS_FROM_OBSERVED_PAIR	YES
Domestic cattle, Ellipsen waterbuck, Javan rusa, Scimitar-horned oryx, Indian sambar	Domestic cattle, Ellipsen waterbuck, Javan rusa, Scimitar-horned oryx, Indian sambar		1	UNCHANGED	NO
Eastern giant eland, Southern gerenuk	Eastern giant eland, Southern gerenuk		1	UNCHANGED	NO
Eastern yellow-backed duiker, North Indian muntjac	Eastern yellow-backed duiker, North Indian muntjac		1	UNCHANGED	NO
Eastern yellow-backed duiker, Zambian sable antelope	Eastern yellow-backed duiker, Zambian sable antelope		1	UNCHANGED	NO
Elaphurus davidianus (Pere David's deer)	Elaphurus davidianus (Pere David's deer)		1	UNCHANGED	NO
Elephas maximus (Asian elephant)	Elephas maximus (Asian elephant)		1	UNCHANGED	NO
Elephas maximus (adult male Asian elephant)	Elephas maximus (adult male Asian elephant)		1	UNCHANGED	NO
Elephas maximus borneensis	Elephas maximus borneensis		1	UNCHANGED	NO
Elephas maximus; Adun, a 12-month old calf	Elephas maximus		1	TRUNCATE_AT_FIRST_SEMICOLON	YES
Elephas maximus; Elephas maximus	Elephas maximus		1	TRUNCATE_AT_FIRST_SEMICOLON	YES
Elephas maximus; Tuntan, a 36-month old calf	Elephas maximus		1	TRUNCATE_AT_FIRST_SEMICOLON	YES
Eptesicus diminutus (bat)	Eptesicus diminutus (bat)		1	UNCHANGED	NO
Eptesicus furinalis	Eptesicus furinalis		1	UNCHANGED	NO
Eptesicus fuscus (big brown bat)	Eptesicus fuscus (big brown bat)		1	UNCHANGED	NO
Eptesicus fuscus; female	Eptesicus fuscus		1	TRUNCATE_AT_FIRST_SEMICOLON	YES
Eptesicus serotinus	Eptesicus serotinus		1	UNCHANGED	NO
Equine; Arabian horse	Equine		1	TRUNCATE_AT_FIRST_SEMICOLON	YES
Equus	Equus		1	UNCHANGED	NO
Equus burchelli	Equus burchelli		1	UNCHANGED	NO
Equus burchellii antiquorum (Damara zebra)	Equus burchellii antiquorum (Damara zebra)		1	UNCHANGED	NO
Equus caballus (Arabian horse)	Equus caballus (Arabian horse)		1	UNCHANGED	NO
Equus caballus (Horse)	Equus caballus (Horse)		1	UNCHANGED	NO
Equus caballus; breed: Arabian, sudden death 8 month foal	Equus caballus		1	TRUNCATE_AT_FIRST_SEMICOLON	YES
Equus caballus; breed: Arabian, sudden death 9 month foal	Equus caballus		1	TRUNCATE_AT_FIRST_SEMICOLON	YES
Equus caballus; breed: Arabian, sudden death foal	Equus caballus		1	TRUNCATE_AT_FIRST_SEMICOLON	YES
Equus hemionus	Equus hemionus		1	UNCHANGED	NO
Equus hemionus onager	Equus hemionus onager		1	UNCHANGED	NO
Equus hemionus onager (Persian onager)	Equus hemionus onager (Persian onager)		1	UNCHANGED	NO
Equus hemionus onager (onager)	Equus hemionus onager (onager)		1	UNCHANGED	NO
Equus kiang holdereri (eastern kiang)	Equus kiang holdereri (eastern kiang)		1	UNCHANGED	NO
Eretmochelys imbricata	Eretmochelys imbricata		1	UNCHANGED	NO
European badger (Meles meles)	European badger (Meles meles)		1	UNCHANGED	NO
Falco tinnunculus	Falco tinnunculus		1	UNCHANGED	NO
Feline	Feline		1	UNCHANGED	NO
Felis catus (domestic cat)	Felis catus (domestic cat)		1	UNCHANGED	NO
Felis catus; Scottish	Felis catus		1	TRUNCATE_AT_FIRST_SEMICOLON	YES
Felis catus; Siamese	Felis catus		1	TRUNCATE_AT_FIRST_SEMICOLON	YES
Forest kingfisher	Forest kingfisher		1	UNCHANGED	NO
Formosan sambar	Formosan sambar		1	UNCHANGED	NO
Forpus xanthopterygius	Forpus xanthopterygius		1	UNCHANGED	NO
Fregata magnificens	Fregata magnificens		1	UNCHANGED	NO
Gallus Gallus	Gallus gallus		1	STANDARDIZE_FIRST_TWO_TERMS_FROM_OBSERVED_PAIR	YES
Gallus gallus (Broiler Breeder)	Gallus gallus (Broiler Breeder)		1	UNCHANGED	NO
Gallus gallus (Broiler)	Gallus gallus (Broiler)		1	UNCHANGED	NO
Gallus gallus (Layer)	Gallus gallus (Layer)		1	UNCHANGED	NO
Gallus gallus White leghorn	Gallus gallus White leghorn		1	UNCHANGED	NO
Gallus gallus bankiva (Red Junglefowl)	Gallus gallus bankiva (Red Junglefowl)		1	UNCHANGED	NO
Gallus gallus breed Rhode Island Red	Gallus gallus breed Rhode Island Red		1	UNCHANGED	NO
Gallus gallus domecticus	Gallus gallus domecticus		1	UNCHANGED	NO
Gallus gallus domesticus (Indian Giant)	Gallus gallus domesticus (Indian Giant)		1	UNCHANGED	NO
Gallus gallus gallus	Gallus gallus gallus		1	UNCHANGED	NO
Gallus gallus layer chicken	Gallus gallus layer chicken		1	UNCHANGED	NO
Gallus gallus; breed: white leghorn layer	Gallus gallus		1	TRUNCATE_AT_FIRST_SEMICOLON	YES
Gavia immer (common loon)	Gavia immer (common loon)		1	UNCHANGED	NO
Gazella thomsonii	Gazella thomsonii		1	UNCHANGED	NO
Gerrhosaurus nigrolineatus (black-lined plated lizard)	Gerrhosaurus nigrolineatus (black-lined plated lizard)		1	UNCHANGED	NO
Globicephala macrorhynchus	Globicephala macrorhynchus		1	UNCHANGED	NO
Goat	Goat		1	UNCHANGED	NO
Gorilla beringei graueri (Grauer's gorilla)	Gorilla beringei graueri (Grauer's gorilla)		1	UNCHANGED	NO
Grammomys sp.	Grammomys sp.		1	UNCHANGED	NO
Grampus griseus (Risso's dolphin)	Grampus griseus (Risso's dolphin)		1	UNCHANGED	NO
Grevy's zebra	Grevy's zebra		1	UNCHANGED	NO
Hawaiian monk seal	Hawaiian monk seal		1	UNCHANGED	NO
Helarctos malayanus	Helarctos malayanus		1	UNCHANGED	NO
Heloderma suspectum	Heloderma suspectum		1	UNCHANGED	NO
Hexaprotodon liberiensis	Hexaprotodon liberiensis		1	UNCHANGED	NO
Hipposideros caffer	Hipposideros caffer		1	UNCHANGED	NO
Hipposideros lankadiva	Hipposideros lankadiva		1	UNCHANGED	NO
Homo sapiens (female)	Homo sapiens (female)		1	UNCHANGED	NO
Homo sapiens suffering from herpes zoster/shingles	Homo sapiens suffering from herpes zoster/shingles		1	UNCHANGED	NO
Homo sapiens; 13 years; male	Homo sapiens		1	TRUNCATE_AT_FIRST_SEMICOLON	YES
Homo sapiens; 16 years from Chandigarh; male	Homo sapiens		1	TRUNCATE_AT_FIRST_SEMICOLON	YES
Homo sapiens; 28 years; male	Homo sapiens		1	TRUNCATE_AT_FIRST_SEMICOLON	YES
Homo sapiens; 29 years; female	Homo sapiens		1	TRUNCATE_AT_FIRST_SEMICOLON	YES
Homo sapiens; 31 years; male	Homo sapiens		1	TRUNCATE_AT_FIRST_SEMICOLON	YES
Homo sapiens; 33-month old boy	Homo sapiens		1	TRUNCATE_AT_FIRST_SEMICOLON	YES
Homo sapiens; 35 years; male	Homo sapiens		1	TRUNCATE_AT_FIRST_SEMICOLON	YES
Homo sapiens; 37 years from Telangana; male	Homo sapiens		1	TRUNCATE_AT_FIRST_SEMICOLON	YES
Homo sapiens; Female; 40 years old	Homo sapiens		1	TRUNCATE_AT_FIRST_SEMICOLON	YES
Homo sapiens; HIV infected carrier	Homo sapiens		1	TRUNCATE_AT_FIRST_SEMICOLON	YES
Homo sapiens; Hodgkin lymphoma patient	Homo sapiens		1	TRUNCATE_AT_FIRST_SEMICOLON	YES
Homo sapiens; adult female	Homo sapiens		1	TRUNCATE_AT_FIRST_SEMICOLON	YES
Homo sapiens; male; 59 year-old	Homo sapiens		1	TRUNCATE_AT_FIRST_SEMICOLON	YES
Homo sapiens; male; 59 yeasrs	Homo sapiens		1	TRUNCATE_AT_FIRST_SEMICOLON	YES
Homo sapiens; male; 62 year-old	Homo sapiens		1	TRUNCATE_AT_FIRST_SEMICOLON	YES
Homo sapiens; pregnant women	Homo sapiens		1	TRUNCATE_AT_FIRST_SEMICOLON	YES
Homo sapiens; sex: female; age: 8 yo	Homo sapiens		1	TRUNCATE_AT_FIRST_SEMICOLON	YES
Homo sapiens; specimen_voucher: KFSHRC:S12	Homo sapiens		1	TRUNCATE_AT_FIRST_SEMICOLON	YES
Homo sapiens; specimen_voucher: KFSHRC:S12:CMV56	Homo sapiens		1	TRUNCATE_AT_FIRST_SEMICOLON	YES
Homo sapiens; specimen_voucher: KFSHRC:S13	Homo sapiens		1	TRUNCATE_AT_FIRST_SEMICOLON	YES
Homo sapiens; specimen_voucher: KFSHRC:S13:CMV56	Homo sapiens		1	TRUNCATE_AT_FIRST_SEMICOLON	YES
Homo sapiens; specimen_voucher: KFSHRC:S14	Homo sapiens		1	TRUNCATE_AT_FIRST_SEMICOLON	YES
Homo sapiens; specimen_voucher: KFSHRC:S14:CMV56	Homo sapiens		1	TRUNCATE_AT_FIRST_SEMICOLON	YES
Homo sapiens; specimen_voucher: KFSHRC:S15	Homo sapiens		1	TRUNCATE_AT_FIRST_SEMICOLON	YES
Homo sapiens; specimen_voucher: KFSHRC:S150	Homo sapiens		1	TRUNCATE_AT_FIRST_SEMICOLON	YES
Homo sapiens; specimen_voucher: KFSHRC:S17	Homo sapiens		1	TRUNCATE_AT_FIRST_SEMICOLON	YES
Homo sapiens; specimen_voucher: KFSHRC:S17:CMV56	Homo sapiens		1	TRUNCATE_AT_FIRST_SEMICOLON	YES
Homo sapiens; specimen_voucher: KFSHRC:S196:CMV56	Homo sapiens		1	TRUNCATE_AT_FIRST_SEMICOLON	YES
Homo sapiens; specimen_voucher: KFSHRC:S198	Homo sapiens		1	TRUNCATE_AT_FIRST_SEMICOLON	YES
Homo sapiens; specimen_voucher: KFSHRC:S198:CMV56	Homo sapiens		1	TRUNCATE_AT_FIRST_SEMICOLON	YES
Homo sapiens; specimen_voucher: KFSHRC:S20	Homo sapiens		1	TRUNCATE_AT_FIRST_SEMICOLON	YES
Homo sapiens; specimen_voucher: KFSHRC:S20:CMV56	Homo sapiens		1	TRUNCATE_AT_FIRST_SEMICOLON	YES
Homo sapiens; specimen_voucher: KFSHRC:S24	Homo sapiens		1	TRUNCATE_AT_FIRST_SEMICOLON	YES
Homo sapiens; specimen_voucher: KFSHRC:S24:CMV56	Homo sapiens		1	TRUNCATE_AT_FIRST_SEMICOLON	YES
Homo sapiens; specimen_voucher: KFSHRC:S27	Homo sapiens		1	TRUNCATE_AT_FIRST_SEMICOLON	YES
Homo sapiens; specimen_voucher: KFSHRC:S27:CMV56	Homo sapiens		1	TRUNCATE_AT_FIRST_SEMICOLON	YES
Homo sapiens; specimen_voucher: KFSHRC:S28	Homo sapiens		1	TRUNCATE_AT_FIRST_SEMICOLON	YES
Homo sapiens; specimen_voucher: KFSHRC:S29:CMV56	Homo sapiens		1	TRUNCATE_AT_FIRST_SEMICOLON	YES
Homo sapiens; specimen_voucher: KFSHRC:S3	Homo sapiens		1	TRUNCATE_AT_FIRST_SEMICOLON	YES
Homo sapiens; specimen_voucher: KFSHRC:S34	Homo sapiens		1	TRUNCATE_AT_FIRST_SEMICOLON	YES
Homo sapiens; specimen_voucher: KFSHRC:S34:CMV56	Homo sapiens		1	TRUNCATE_AT_FIRST_SEMICOLON	YES
Homo sapiens; specimen_voucher: KFSHRC:S35	Homo sapiens		1	TRUNCATE_AT_FIRST_SEMICOLON	YES
Homo sapiens; specimen_voucher: KFSHRC:S35:CMV56	Homo sapiens		1	TRUNCATE_AT_FIRST_SEMICOLON	YES
Homo sapiens; specimen_voucher: KFSHRC:S37	Homo sapiens		1	TRUNCATE_AT_FIRST_SEMICOLON	YES
Homo sapiens; specimen_voucher: KFSHRC:S37:CMV56	Homo sapiens		1	TRUNCATE_AT_FIRST_SEMICOLON	YES
Homo sapiens; specimen_voucher: KFSHRC:S42	Homo sapiens		1	TRUNCATE_AT_FIRST_SEMICOLON	YES
Homo sapiens; specimen_voucher: KFSHRC:S42:CMV56	Homo sapiens		1	TRUNCATE_AT_FIRST_SEMICOLON	YES
Homo sapiens; specimen_voucher: KFSHRC:S47	Homo sapiens		1	TRUNCATE_AT_FIRST_SEMICOLON	YES
Homo sapiens; specimen_voucher: KFSHRC:S47:CMV56	Homo sapiens		1	TRUNCATE_AT_FIRST_SEMICOLON	YES
Homo sapiens; specimen_voucher: KFSHRC:S51	Homo sapiens		1	TRUNCATE_AT_FIRST_SEMICOLON	YES
Homo sapiens; specimen_voucher: KFSHRC:S51:CMV56	Homo sapiens		1	TRUNCATE_AT_FIRST_SEMICOLON	YES
Homo sapiens; specimen_voucher: KFSHRC:S52	Homo sapiens		1	TRUNCATE_AT_FIRST_SEMICOLON	YES
Homo sapiens; specimen_voucher: KFSHRC:S56	Homo sapiens		1	TRUNCATE_AT_FIRST_SEMICOLON	YES
Homo sapiens; specimen_voucher: KFSHRC:S56:CMV56	Homo sapiens		1	TRUNCATE_AT_FIRST_SEMICOLON	YES
Homo sapiens; specimen_voucher: KFSHRC:S57:CMV56	Homo sapiens		1	TRUNCATE_AT_FIRST_SEMICOLON	YES
Homo sapiens; specimen_voucher: KFSHRC:S60	Homo sapiens		1	TRUNCATE_AT_FIRST_SEMICOLON	YES
Homo sapiens; specimen_voucher: KFSHRC:S60:CMV56	Homo sapiens		1	TRUNCATE_AT_FIRST_SEMICOLON	YES
Homo sapiens; specimen_voucher: KFSHRC:S64	Homo sapiens		1	TRUNCATE_AT_FIRST_SEMICOLON	YES
Homo sapiens; specimen_voucher: KFSHRC:S64:CMV56	Homo sapiens		1	TRUNCATE_AT_FIRST_SEMICOLON	YES
Homo sapiens; specimen_voucher: KFSHRC:S66	Homo sapiens		1	TRUNCATE_AT_FIRST_SEMICOLON	YES
Homo sapiens; specimen_voucher: KFSHRC:S66:CMV56	Homo sapiens		1	TRUNCATE_AT_FIRST_SEMICOLON	YES
Homo sapiens; specimen_voucher: KFSHRC:S67	Homo sapiens		1	TRUNCATE_AT_FIRST_SEMICOLON	YES
Homo sapiens; specimen_voucher: KFSHRC:S67:CMV56	Homo sapiens		1	TRUNCATE_AT_FIRST_SEMICOLON	YES
Homo sapiens; specimen_voucher: KFSHRC:S68	Homo sapiens		1	TRUNCATE_AT_FIRST_SEMICOLON	YES
Homo sapiens; specimen_voucher: KFSHRC:S69	Homo sapiens		1	TRUNCATE_AT_FIRST_SEMICOLON	YES
Homo sapiens; specimen_voucher: KFSHRC:S7	Homo sapiens		1	TRUNCATE_AT_FIRST_SEMICOLON	YES
Homo sapiens; specimen_voucher: KFSHRC:S70	Homo sapiens		1	TRUNCATE_AT_FIRST_SEMICOLON	YES
Homo sapiens; specimen_voucher: KFSHRC:S70:CMV56	Homo sapiens		1	TRUNCATE_AT_FIRST_SEMICOLON	YES
Homo sapiens; specimen_voucher: KFSHRC:S74	Homo sapiens		1	TRUNCATE_AT_FIRST_SEMICOLON	YES
Homo sapiens; specimen_voucher: KFSHRC:S74:CMV56	Homo sapiens		1	TRUNCATE_AT_FIRST_SEMICOLON	YES
Homo sapiens; specimen_voucher: KFSHRC:S75	Homo sapiens		1	TRUNCATE_AT_FIRST_SEMICOLON	YES
Homo sapiens; specimen_voucher: KFSHRC:S75:CMV56	Homo sapiens		1	TRUNCATE_AT_FIRST_SEMICOLON	YES
Homo sapiens; specimen_voucher: KFSHRC:S76:CMV56	Homo sapiens		1	TRUNCATE_AT_FIRST_SEMICOLON	YES
Homo sapiens; specimen_voucher: KFSHRC:S77	Homo sapiens		1	TRUNCATE_AT_FIRST_SEMICOLON	YES
Homo sapiens; specimen_voucher: KFSHRC:S79	Homo sapiens		1	TRUNCATE_AT_FIRST_SEMICOLON	YES
Homo sapiens; specimen_voucher: KFSHRC:S79:CMV56	Homo sapiens		1	TRUNCATE_AT_FIRST_SEMICOLON	YES
Homo sapiens; specimen_voucher: KFSHRC:S80	Homo sapiens		1	TRUNCATE_AT_FIRST_SEMICOLON	YES
Homo sapiens; specimen_voucher: KFSHRC:S80:CMV56	Homo sapiens		1	TRUNCATE_AT_FIRST_SEMICOLON	YES
Homo sapiens; specimen_voucher: KFSHRC:S82	Homo sapiens		1	TRUNCATE_AT_FIRST_SEMICOLON	YES
Homo sapiens; specimen_voucher: KFSHRC:S82:CMV56	Homo sapiens		1	TRUNCATE_AT_FIRST_SEMICOLON	YES
Homo sapiens; specimen_voucher: KFSHRC:S86:CMV56	Homo sapiens		1	TRUNCATE_AT_FIRST_SEMICOLON	YES
Hydropotes inermis	Hydropotes inermis		1	UNCHANGED	NO
Hylobates nomascus leucogenys	Hylobates nomascus leucogenys		1	UNCHANGED	NO
Hylobates syndactylus	Hylobates syndactylus		1	UNCHANGED	NO
Indian hog deer	Indian hog deer		1	UNCHANGED	NO
Isoodon macrourus	Isoodon macrourus		1	UNCHANGED	NO
Jimela topi	Jimela topi		1	UNCHANGED	NO
Jimela topi, Slender-horned gazelle	Jimela topi, Slender-horned gazelle		1	UNCHANGED	NO
Kangrez cattle	Kangrez cattle		1	UNCHANGED	NO
Khaki Campbell duck	Khaki Campbell duck		1	UNCHANGED	NO
Kobus megaceros	Kobus megaceros		1	UNCHANGED	NO
Kogia breviceps (pygmy sperm whale)	Kogia breviceps (pygmy sperm whale)		1	UNCHANGED	NO
Kogia simus (dwarf sperm whale) K265	Kogia simus (dwarf sperm whale) K265		1	UNCHANGED	NO
Lagothrix lagotricha lugens	Lagothrix lagotricha lugens		1	UNCHANGED	NO
Larus argentatus	Larus argentatus		1	UNCHANGED	NO
Lemniscomys striatus	Lemniscomys striatus		1	UNCHANGED	NO
Leontocebus sp.; female	Leontocebus sp.		1	TRUNCATE_AT_FIRST_SEMICOLON	YES
Leontopithecus rosalia	Leontopithecus rosalia		1	UNCHANGED	NO
Leopardus guttulus (southern tiger cat)	Leopardus guttulus (southern tiger cat)		1	UNCHANGED	NO
Leopardus pardalis	Leopardus pardalis		1	UNCHANGED	NO
Lepus granatensis; sex: female	Lepus granatensis		1	TRUNCATE_AT_FIRST_SEMICOLON	YES
Little corella	Little corella		1	UNCHANGED	NO
Lonchophylla thomasi	Lonchophylla thomasi		1	UNCHANGED	NO
Lontra canadensis	Lontra canadensis		1	UNCHANGED	NO
Lophocebus albigena	Lophocebus albigena		1	UNCHANGED	NO
Lophocebus aterrimus	Lophocebus aterrimus		1	UNCHANGED	NO
Loxondonta africana	Loxondonta africana		1	UNCHANGED	NO
Lutra lutra (Eurasian otter)	Lutra lutra (Eurasian otter)		1	UNCHANGED	NO
Lynx canadensis	Lynx canadensis		1	UNCHANGED	NO
Lynx canadensis subsolanus	Lynx canadensis subsolanus		1	UNCHANGED	NO
Macaca radiata	Macaca radiata		1	UNCHANGED	NO
Macaca thibetana	Macaca thibetana		1	UNCHANGED	NO
Macronectes giganteus (Southern Giant-Petrel)	Macronectes giganteus (Southern Giant-Petrel)		1	UNCHANGED	NO
Madoqua kirkii	Madoqua kirkii		1	UNCHANGED	NO
Malayan sambar	Malayan sambar		1	UNCHANGED	NO
Mandrillus leucophaues	Mandrillus leucophaues		1	UNCHANGED	NO
Marmoset	Marmoset		1	UNCHANGED	NO
Marmota marmota	Marmota marmota		1	UNCHANGED	NO
Martes pennanti (Fisher)	Martes pennanti (Fisher)		1	UNCHANGED	NO
Martes zibellina (sable)	Martes zibellina (sable)		1	UNCHANGED	NO
Megaptera novaeangliae (Humpback whale)	Megaptera novaeangliae (Humpback whale)		1	UNCHANGED	NO
Meles leucurus (Asian badger)	Meles leucurus (Asian badger)		1	UNCHANGED	NO
Mesoplodon bidens	Mesoplodon bidens		1	UNCHANGED	NO
Mesoplodon europaeus	Mesoplodon europaeus		1	UNCHANGED	NO
Mesoplodon europaeus (Gervais's beaked whale)	Mesoplodon europaeus (Gervais's beaked whale)		1	UNCHANGED	NO
Mesoplodon stejnegeri cervical lymph node	Mesoplodon stejnegeri cervical lymph node		1	UNCHANGED	NO
Mico melanurus	Mico melanurus		1	UNCHANGED	NO
Microtus agrestis	Microtus agrestis		1	UNCHANGED	NO
Microtus arvalis	Microtus arvalis		1	UNCHANGED	NO
Miniopterus fuliginosus	Miniopterus fuliginosus		1	UNCHANGED	NO
Mink	Mink		1	UNCHANGED	NO
Miopithecus talapoin	Miopithecus talapoin		1	UNCHANGED	NO
Mirounga angustirostris	Mirounga angustirostris		1	UNCHANGED	NO
Molossops temminckii	Molossops temminckii		1	UNCHANGED	NO
Molossus rufus (bat)	Molossus rufus (bat)		1	UNCHANGED	NO
Mucaca mulatta	Mucaca mulatta		1	UNCHANGED	NO
Mus cervicolor	Mus cervicolor		1	UNCHANGED	NO
Mus cervicolor voucher 4455	Mus cervicolor voucher 4455		1	UNCHANGED	NO
Mus minutoides	Mus minutoides		1	UNCHANGED	NO
Mus musculus voucher 2972	Mus musculus voucher 2972		1	UNCHANGED	NO
Mus musculus; voucher 12972	Mus musculus		1	TRUNCATE_AT_FIRST_SEMICOLON	YES
Mus musculus; voucher 2972b	Mus musculus		1	TRUNCATE_AT_FIRST_SEMICOLON	YES
Mus musculus; voucher 2973	Mus musculus		1	TRUNCATE_AT_FIRST_SEMICOLON	YES
Mus musculus; voucher 2975	Mus musculus		1	TRUNCATE_AT_FIRST_SEMICOLON	YES
Mus musculus; voucher 2980	Mus musculus		1	TRUNCATE_AT_FIRST_SEMICOLON	YES
Mus musculus; voucher 2983	Mus musculus		1	TRUNCATE_AT_FIRST_SEMICOLON	YES
Mus musculus; voucher 2988	Mus musculus		1	TRUNCATE_AT_FIRST_SEMICOLON	YES
Mus musculus; voucher 2993	Mus musculus		1	TRUNCATE_AT_FIRST_SEMICOLON	YES
Mus musculus; voucher 2997	Mus musculus		1	TRUNCATE_AT_FIRST_SEMICOLON	YES
Mus musculus; voucher 2998	Mus musculus		1	TRUNCATE_AT_FIRST_SEMICOLON	YES
Mus musculus; voucher 3002	Mus musculus		1	TRUNCATE_AT_FIRST_SEMICOLON	YES
Mus musculus; voucher 3003	Mus musculus		1	TRUNCATE_AT_FIRST_SEMICOLON	YES
Mus musculus; voucher 3004	Mus musculus		1	TRUNCATE_AT_FIRST_SEMICOLON	YES
Mus musculus; voucher 3006	Mus musculus		1	TRUNCATE_AT_FIRST_SEMICOLON	YES
Mus musculus; voucher 3007	Mus musculus		1	TRUNCATE_AT_FIRST_SEMICOLON	YES
Mus musculus; voucher 3009	Mus musculus		1	TRUNCATE_AT_FIRST_SEMICOLON	YES
Mus musculus; voucher 3013	Mus musculus		1	TRUNCATE_AT_FIRST_SEMICOLON	YES
Mus musculus; voucher 3014	Mus musculus		1	TRUNCATE_AT_FIRST_SEMICOLON	YES
Mus musculus; voucher 3016	Mus musculus		1	TRUNCATE_AT_FIRST_SEMICOLON	YES
Mus musculus; voucher 3021	Mus musculus		1	TRUNCATE_AT_FIRST_SEMICOLON	YES
Mus musculus; voucher 3024	Mus musculus		1	TRUNCATE_AT_FIRST_SEMICOLON	YES
Mus musculus; voucher 3029	Mus musculus		1	TRUNCATE_AT_FIRST_SEMICOLON	YES
Mus musculus; voucher 3306	Mus musculus		1	TRUNCATE_AT_FIRST_SEMICOLON	YES
Mus musculus; voucher 3374	Mus musculus		1	TRUNCATE_AT_FIRST_SEMICOLON	YES
Mus musculus; voucher 3375	Mus musculus		1	TRUNCATE_AT_FIRST_SEMICOLON	YES
Mus musculus; voucher 3383	Mus musculus		1	TRUNCATE_AT_FIRST_SEMICOLON	YES
Mus musculus; voucher 4606_#15	Mus musculus		1	TRUNCATE_AT_FIRST_SEMICOLON	YES
Mus musculus; voucher 4607_#15	Mus musculus		1	TRUNCATE_AT_FIRST_SEMICOLON	YES
Mus musculus; voucher 4654_32	Mus musculus		1	TRUNCATE_AT_FIRST_SEMICOLON	YES
Mus musculus; voucher 4655_32	Mus musculus		1	TRUNCATE_AT_FIRST_SEMICOLON	YES
Mus musculus; voucher 4656_32	Mus musculus		1	TRUNCATE_AT_FIRST_SEMICOLON	YES
Mus musculus; voucher 4657_32	Mus musculus		1	TRUNCATE_AT_FIRST_SEMICOLON	YES
Mus musculus; voucher 4659_32	Mus musculus		1	TRUNCATE_AT_FIRST_SEMICOLON	YES
Mus musculus; voucher 4660_32	Mus musculus		1	TRUNCATE_AT_FIRST_SEMICOLON	YES
Mus musculus; voucher 5479_010	Mus musculus		1	TRUNCATE_AT_FIRST_SEMICOLON	YES
Mus musculus; voucher KS13/421	Mus musculus		1	TRUNCATE_AT_FIRST_SEMICOLON	YES
Mus musculus; voucher KS13/426	Mus musculus		1	TRUNCATE_AT_FIRST_SEMICOLON	YES
Mus musculus; voucher KS13/439	Mus musculus		1	TRUNCATE_AT_FIRST_SEMICOLON	YES
Mus musculus; voucher KS13/442	Mus musculus		1	TRUNCATE_AT_FIRST_SEMICOLON	YES
Mus musculus; voucher KS13/456	Mus musculus		1	TRUNCATE_AT_FIRST_SEMICOLON	YES
Mus musculus; voucher Mu09/1058	Mus musculus		1	TRUNCATE_AT_FIRST_SEMICOLON	YES
Mus musculus; voucher Mu09/1068	Mus musculus		1	TRUNCATE_AT_FIRST_SEMICOLON	YES
Mus musculus; voucher Mu09/1093	Mus musculus		1	TRUNCATE_AT_FIRST_SEMICOLON	YES
Mus musculus; voucher Mu09/1100	Mus musculus		1	TRUNCATE_AT_FIRST_SEMICOLON	YES
Mus musculus; voucher Mu09/1103	Mus musculus		1	TRUNCATE_AT_FIRST_SEMICOLON	YES
Mus musculus; voucher Mu09/1105	Mus musculus		1	TRUNCATE_AT_FIRST_SEMICOLON	YES
Mus musculus; voucher Mu09/1111	Mus musculus		1	TRUNCATE_AT_FIRST_SEMICOLON	YES
Mus musculus; voucher Mu09/1114	Mus musculus		1	TRUNCATE_AT_FIRST_SEMICOLON	YES
Mus musculus; voucher Mu09/1138	Mus musculus		1	TRUNCATE_AT_FIRST_SEMICOLON	YES
Mus spicilegus	Mus spicilegus		1	UNCHANGED	NO
Mustela erminea	Mustela erminea		1	UNCHANGED	NO
Myotis alcathoe	Myotis alcathoe		1	UNCHANGED	NO
Myotis bechsteinii	Myotis bechsteinii		1	UNCHANGED	NO
Myotis capaccinii	Myotis capaccinii		1	UNCHANGED	NO
Myotis chinensis	Myotis chinensis		1	UNCHANGED	NO
Nandinia binotata	Nandinia binotata		1	UNCHANGED	NO
Neogale vison	Neogale vison		1	UNCHANGED	NO
Neophocaena asiaeorientalis	Neophocaena asiaeorientalis		1	UNCHANGED	NO
Neoromicia capensis	Neoromicia capensis		1	UNCHANGED	NO
Ninox strenua (powerful owl)	Ninox strenua (powerful owl)		1	UNCHANGED	NO
Nubian ibex	Nubian ibex		1	UNCHANGED	NO
Nyctalus noctula	Nyctalus noctula		1	UNCHANGED	NO
Nycticebus coucang	Nycticebus coucang		1	UNCHANGED	NO
Ochotona alpina	Ochotona alpina		1	UNCHANGED	NO
Odobenus rosmarus divergens (Pacific walrus)	Odobenus rosmarus divergens (Pacific walrus)		1	UNCHANGED	NO
Ondatra zibethicus	Ondatra zibethicus		1	UNCHANGED	NO
Onychoprion fuscatus	Onychoprion fuscatus		1	UNCHANGED	NO
Opheodrys vernalis	Opheodrys vernalis		1	UNCHANGED	NO
Oryctolagus cuniculus (domestic rabbit)	Oryctolagus cuniculus (domestic rabbit)		1	UNCHANGED	NO
Otaria byronia (South American sea lion); male	Otaria byronia (South American sea lion)		1	TRUNCATE_AT_FIRST_SEMICOLON	YES
Ovine	Ovine		1	UNCHANGED	NO
Ozobranchus branchiatus	Ozobranchus branchiatus		1	UNCHANGED	NO
Pan troglodytes schweinfurthii voucher 4791	Pan troglodytes schweinfurthii voucher 4791		1	UNCHANGED	NO
Panthera tigris altaica (Amur tiger)	Panthera tigris altaica (Amur tiger)		1	UNCHANGED	NO
Papio hamadryas hamadryas	Papio hamadryas hamadryas		1	UNCHANGED	NO
Papio ursinus (Chacma baboon)	Papio ursinus (Chacma baboon)		1	UNCHANGED	NO
Pavo cristatus (Blue Peafowl)	Pavo cristatus (Blue Peafowl)		1	UNCHANGED	NO
Pavo cristatus (peafowl)	Pavo cristatus (peafowl)		1	UNCHANGED	NO
Pekania pennanti	Pekania pennanti		1	UNCHANGED	NO
Peponocephala electra nasal mucosa	Peponocephala electra nasal mucosa		1	UNCHANGED	NO
Peromyscus leucopus	Peromyscus leucopus		1	UNCHANGED	NO
Persian goitered gazelle	Persian goitered gazelle		1	UNCHANGED	NO
Philantomba monticola	Philantomba monticola		1	UNCHANGED	NO
Phoca groenlandica	Phoca groenlandica		1	UNCHANGED	NO
Phoca vitulina richardsii	Phoca vitulina richardsii		1	UNCHANGED	NO
Phocoena phocoena (Harbour porpoise)	Phocoena phocoena (Harbour porpoise)		1	UNCHANGED	NO
Phoenicopterus chilensis	Phoenicopterus chilensis		1	UNCHANGED	NO
Physeter catodon peripheral pulmonary lymph node	Physeter catodon peripheral pulmonary lymph node		1	UNCHANGED	NO
Pipistrellus pygmaeus	Pipistrellus pygmaeus		1	UNCHANGED	NO
Platycercus elegans (Rosella parrakeet)	Platycercus elegans (Rosella parrakeet)		1	UNCHANGED	NO
Podargus strigoides	Podargus strigoides		1	UNCHANGED	NO
Poecile palustris	Poecile palustris		1	UNCHANGED	NO
Polyplectron malacense (Malayan peacock pheasant)	Polyplectron malacense (Malayan peacock pheasant)		1	UNCHANGED	NO
Pongo pygmaeus (orangutan)	Pongo pygmaeus (orangutan)		1	UNCHANGED	NO
Pongo pygmaeus pygmaeus	Pongo pygmaeus pygmaeus		1	UNCHANGED	NO
Potamochoerus porcus	Potamochoerus porcus		1	UNCHANGED	NO
Priodontes maximus (giant armadillo); male	Priodontes maximus (giant armadillo)		1	TRUNCATE_AT_FIRST_SEMICOLON	YES
Procavia capensis (rock hyrax)	Procavia capensis (rock hyrax)		1	UNCHANGED	NO
Pseudorca crassidens	Pseudorca crassidens		1	UNCHANGED	NO
Pseudorca crassidens cervical lymph node and lung tissue	Pseudorca crassidens cervical lymph node and lung tissue		1	UNCHANGED	NO
Pteronotus alitonus	Pteronotus alitonus		1	UNCHANGED	NO
Pteropus poliocephalus	Pteropus poliocephalus		1	UNCHANGED	NO
Puffinus puffinus (Manx Shearwater)	Puffinus puffinus (Manx Shearwater)		1	UNCHANGED	NO
Puma concolor	Puma concolor		1	UNCHANGED	NO
Puma yagouaroundi (jaguarundi)	Puma yagouaroundi (jaguarundi)		1	UNCHANGED	NO
Pyrrhura cruentata	Pyrrhura cruentata		1	UNCHANGED	NO
Pyxis arachnoides	Pyxis arachnoides		1	UNCHANGED	NO
Qingyuan Ma chicken	Qingyuan Ma chicken		1	UNCHANGED	NO
Rangifer tarandus tarandus (mountain reindeer)	Rangifer tarandus tarandus (mountain reindeer)		1	UNCHANGED	NO
Rattus exulans	Rattus exulans		1	UNCHANGED	NO
Rattus rattus diardii (house rat)	Rattus rattus diardii (house rat)		1	UNCHANGED	NO
Rattus tiomanicus	Rattus tiomanicus		1	UNCHANGED	NO
Red-flanked duiker	Red-flanked duiker		1	UNCHANGED	NO
Rhesus macaque	Rhesus macaque		1	UNCHANGED	NO
Rhesus monkey	Rhesus monkey		1	UNCHANGED	NO
Rhinolophus hipposideros	Rhinolophus hipposideros		1	UNCHANGED	NO
Rhinolophus siamensis	Rhinolophus siamensis		1	UNCHANGED	NO
Rhinolophus sp.	Rhinolophus sp.		1	UNCHANGED	NO
Rhynchonycteris naso	Rhynchonycteris naso		1	UNCHANGED	NO
Rousettus aegyptiacus; captive	Rousettus aegyptiacus		1	TRUNCATE_AT_FIRST_SEMICOLON	YES
Rupicapra pyrenaica	Rupicapra pyrenaica		1	UNCHANGED	NO
Rusa unicolor	Rusa unicolor		1	UNCHANGED	NO
Rusa unicolor swinhoei	Rusa unicolor swinhoei		1	UNCHANGED	NO
Rusa unicolor swinhoii (Formosan Sambar Deer)	Rusa unicolor swinhoii (Formosan Sambar Deer)		1	UNCHANGED	NO
SIV-infected rhesus macaque housed at the New England Primate Research Center that died of AIDS	SIV-infected rhesus macaque housed at the New England Primate Research Center that died of AIDS		1	UNCHANGED	NO
Saccopteryx bilineata	Saccopteryx bilineata		1	UNCHANGED	NO
Saddle	Saddle		1	UNCHANGED	NO
Saguinus	Saguinus		1	UNCHANGED	NO
Saguinus oedipus	Saguinus oedipus		1	UNCHANGED	NO
Saimiri boliviensis bolviensis	Saimiri boliviensis bolviensis		1	UNCHANGED	NO
Saimiri sciureus macrodon	Saimiri sciureus macrodon		1	UNCHANGED	NO
Saimiri sciureus sciureus	Saimiri sciureus sciureus		1	UNCHANGED	NO
Sarcophilus harrisii (Tasmanian devil)	Sarcophilus harrisii (Tasmanian devil)		1	UNCHANGED	NO
Sheep	Sheep		1	UNCHANGED	NO
Sotalia guianensis (Guiana dolphin)	Sotalia guianensis (Guiana dolphin)		1	UNCHANGED	NO
Sotalia guianensis (Guyana dolphin); female; adult	Sotalia guianensis (Guyana dolphin)		1	TRUNCATE_AT_FIRST_SEMICOLON	YES
Southern black-backed gull	Southern black-backed gull		1	UNCHANGED	NO
Southern royal albatross	Southern royal albatross		1	UNCHANGED	NO
Southern steenbok	Southern steenbok		1	UNCHANGED	NO
Speke's gazelle	Speke's gazelle		1	UNCHANGED	NO
Spheniscus magellanicus	Spheniscus magellanicus		1	UNCHANGED	NO
Stenella coeruleoalba; sex: male	Stenella coeruleoalba		1	TRUNCATE_AT_FIRST_SEMICOLON	YES
Steno bredanensis (dolphin)	Steno bredanensis (dolphin)		1	UNCHANGED	NO
Steno bredanensis; sex: male	Steno bredanensis		1	TRUNCATE_AT_FIRST_SEMICOLON	YES
Strix aluco	Strix aluco		1	UNCHANGED	NO
Strix uralensis (Ural owl)	Strix uralensis (Ural owl)		1	UNCHANGED	NO
Sturnira lilium	Sturnira lilium		1	UNCHANGED	NO
Sula dactylatra	Sula dactylatra		1	UNCHANGED	NO
Sulphur-crested cockatoo	Sulphur-crested cockatoo		1	UNCHANGED	NO
Sus domesticus	Sus domesticus		1	UNCHANGED	NO
Sus domesticus domesticus	Sus domesticus domesticus		1	UNCHANGED	NO
Sus scrofa familiaris (domestic pig)	Sus scrofa familiaris (domestic pig)		1	UNCHANGED	NO
Terrapene carolina	Terrapene carolina		1	UNCHANGED	NO
Testudo graeca	Testudo graeca		1	UNCHANGED	NO
Tetrao urogallus aquitanicus	Tetrao urogallus aquitanicus		1	UNCHANGED	NO
Thalassarche chlororhynchos (Yellow-nosed Albatross)	Thalassarche chlororhynchos (Yellow-nosed Albatross)		1	UNCHANGED	NO
Three-Yellow chicken	Three-yellow chicken		1	STANDARDIZE_FIRST_TWO_TERMS_FROM_OBSERVED_PAIR	YES
Trichechus manatus latirostris	Trichechus manatus latirostris		1	UNCHANGED	NO
Trichechus manatus manatus	Trichechus manatus manatus		1	UNCHANGED	NO
Trichoglossus haematodus	Trichoglossus haematodus		1	UNCHANGED	NO
Trichoglossus moluccanus	Trichoglossus moluccanus		1	UNCHANGED	NO
Tursiops aduncus	Tursiops aduncus		1	UNCHANGED	NO
Tursiops erebennus	Tursiops erebennus		1	UNCHANGED	NO
Tursiops truncatus (adult captive male bottlenose dolphin) K311	Tursiops truncatus (adult captive male bottlenose dolphin) K311		1	UNCHANGED	NO
Tursiops truncatus (common bottlenose dolphin)	Tursiops truncatus (common bottlenose dolphin)		1	UNCHANGED	NO
Tursiops truncatus (dolphin)	Tursiops truncatus (dolphin)		1	UNCHANGED	NO
USA	USA		1	UNCHANGED	NO
Ursus americanus	Ursus americanus		1	UNCHANGED	NO
Ursus arctos (brown bear)	Ursus arctos (brown bear)		1	UNCHANGED	NO
Ursus thibetanus	Ursus thibetanus		1	UNCHANGED	NO
Ursus thibetanus (Asiatic black bear)	Ursus thibetanus (Asiatic black bear)		1	UNCHANGED	NO
Vaal rhebok	Vaal rhebok		1	UNCHANGED	NO
Varecia rubra x Varecia variegata	Varecia rubra x Varecia variegata		1	UNCHANGED	NO
Varecia variegata	Varecia variegata		1	UNCHANGED	NO
Yorkshire Terrier dog	Yorkshire Terrier dog		1	UNCHANGED	NO
Zoo	Zoo		1	UNCHANGED	NO
aborted fetus	Aborted fetus		1	STANDARDIZE_FIRST_TWO_TERMS_FROM_OBSERVED_PAIR	YES
anatid	anatid		1	UNCHANGED	NO
anatid species	Anatid species		1	STANDARDIZE_FIRST_TWO_TERMS_FROM_OBSERVED_PAIR	YES
aoudad	aoudad		1	UNCHANGED	NO
asiatic elephant; female	Asiatic elephant		1	TRUNCATE_AT_FIRST_SEMICOLON;STANDARDIZE_FIRST_TWO_TERMS_FROM_OBSERVED_PAIR	YES
bats	bats		1	UNCHANGED	NO
bighorn sheep	Bighorn sheep		1	STANDARDIZE_FIRST_TWO_TERMS_FROM_OBSERVED_PAIR	YES
blue penguin (Eudyptula minor)	blue penguin (Eudyptula minor)		1	UNCHANGED	NO
bovine; male	bovine		1	TRUNCATE_AT_FIRST_SEMICOLON	YES
broiler breeder	Broiler breeder		1	STANDARDIZE_FIRST_TWO_TERMS_FROM_OBSERVED_PAIR	YES
broiler breeders	Broiler breeders		1	STANDARDIZE_FIRST_TWO_TERMS_FROM_OBSERVED_PAIR	YES
brown layer chicken	brown layer chicken		1	UNCHANGED	NO
buffalo breed Murrah	buffalo breed Murrah		1	UNCHANGED	NO
bull; Holstein Friesian	bull		1	TRUNCATE_AT_FIRST_SEMICOLON	YES
calf; 6 months	calf		1	TRUNCATE_AT_FIRST_SEMICOLON	YES
calf; female	calf		1	TRUNCATE_AT_FIRST_SEMICOLON	YES
caspian seal	Caspian seal		1	STANDARDIZE_FIRST_TWO_TERMS_FROM_OBSERVED_PAIR	YES
cattle calf	Cattle calf		1	STANDARDIZE_FIRST_TWO_TERMS_FROM_OBSERVED_PAIR	YES
cattle with reproductive disorders	cattle with reproductive disorders		1	UNCHANGED	NO
cattle; Madin-Darby bovine kidney (MDBK) cells	cattle		1	TRUNCATE_AT_FIRST_SEMICOLON	YES
chick embryo fibroblast	chick embryo fibroblast		1	UNCHANGED	NO
chicken breed layer	chicken breed layer		1	UNCHANGED	NO
chicken infected with Marek's disease	chicken infected with Marek's disease		1	UNCHANGED	NO
chicken; breed: Harbor	chicken		1	TRUNCATE_AT_FIRST_SEMICOLON	YES
chicken; breed: Harbor; sex: female	chicken		1	TRUNCATE_AT_FIRST_SEMICOLON	YES
chicken; female	chicken		1	TRUNCATE_AT_FIRST_SEMICOLON	YES
chronic fatigue syndrome patient	chronic fatigue syndrome patient		1	UNCHANGED	NO
common wombat	Common wombat		1	STANDARDIZE_FIRST_TWO_TERMS_FROM_OBSERVED_PAIR	YES
country chicken	Country chicken		1	STANDARDIZE_FIRST_TWO_TERMS_FROM_OBSERVED_PAIR	YES
dairy cattle	Dairy cattle		1	STANDARDIZE_FIRST_TWO_TERMS_FROM_OBSERVED_PAIR	YES
dead chicken	Dead chicken		1	STANDARDIZE_FIRST_TWO_TERMS_FROM_OBSERVED_PAIR	YES
dog; American Staffordshire Terrier; male; 4.5 week-old	dog		1	TRUNCATE_AT_FIRST_SEMICOLON	YES
dolphin	dolphin		1	UNCHANGED	NO
domestic cat (himalaya breed)	Domestic cat (himalaya breed)		1	STANDARDIZE_FIRST_TWO_TERMS_FROM_OBSERVED_PAIR	YES
domestic cat (local breed)	Domestic cat (local breed)		1	STANDARDIZE_FIRST_TWO_TERMS_FROM_OBSERVED_PAIR	YES
domestic cat (shirazi breed)	Domestic cat (shirazi breed)		1	STANDARDIZE_FIRST_TWO_TERMS_FROM_OBSERVED_PAIR	YES
equine; female	equine		1	TRUNCATE_AT_FIRST_SEMICOLON	YES
falcon	falcon		1	UNCHANGED	NO
falcon #668	falcon #668		1	UNCHANGED	NO
falcon #806	falcon #806		1	UNCHANGED	NO
fowl	fowl		1	UNCHANGED	NO
great horned owl #10027	great horned owl #10027		1	UNCHANGED	NO
great horned owl #12351	great horned owl #12351		1	UNCHANGED	NO
great horned owl #469	great horned owl #469		1	UNCHANGED	NO
great horned owl #9049	great horned owl #9049		1	UNCHANGED	NO
green sea turtle	green sea turtle		1	UNCHANGED	NO
guinea pig	Guinea pig		1	STANDARDIZE_FIRST_TWO_TERMS_FROM_OBSERVED_PAIR	YES
hog	hog		1	UNCHANGED	NO
human foreskin fibroblast	human foreskin fibroblast		1	UNCHANGED	NO
hybrid Equus sp. - Mules	hybrid Equus sp. - Mules		1	UNCHANGED	NO
hybrid macaw	Hybrid macaw		1	STANDARDIZE_FIRST_TWO_TERMS_FROM_OBSERVED_PAIR	YES
hybrid marine turtle Caretta caretta/Eretmochelys imbricata	hybrid marine turtle Caretta caretta/Eretmochelys imbricata		1	UNCHANGED	NO
latently infected human trigeminal ganglia	latently infected human trigeminal ganglia		1	UNCHANGED	NO
layers; local breeder	layers		1	TRUNCATE_AT_FIRST_SEMICOLON	YES
laying hems	Laying hems		1	STANDARDIZE_FIRST_TWO_TERMS_FROM_OBSERVED_PAIR	YES
loggerhead turtle	Loggerhead turtle		1	STANDARDIZE_FIRST_TWO_TERMS_FROM_OBSERVED_PAIR	YES
monkey	monkey		1	UNCHANGED	NO
moose	moose		1	UNCHANGED	NO
mule	mule		1	UNCHANGED	NO
nasopharyngeal carcinoma patient	nasopharyngeal carcinoma patient		1	UNCHANGED	NO
newborn calf	Newborn calf		1	STANDARDIZE_FIRST_TWO_TERMS_FROM_OBSERVED_PAIR	YES
northern elephant seal Phocid breed (Mirounga angustirostris)	northern elephant seal Phocid breed (Mirounga angustirostris)		1	UNCHANGED	NO
ocelot	ocelot		1	UNCHANGED	NO
olive ridley	Olive ridley		1	STANDARDIZE_FIRST_TWO_TERMS_FROM_OBSERVED_PAIR	YES
partridge chicken	Partridge chicken		1	STANDARDIZE_FIRST_TWO_TERMS_FROM_OBSERVED_PAIR	YES
pigeon 12049	pigeon 12049		1	UNCHANGED	NO
pigeon 3315	pigeon 3315		1	UNCHANGED	NO
pigeon 645	pigeon 645		1	UNCHANGED	NO
piglets	piglets		1	UNCHANGED	NO
porcine fetal	Porcine fetal		1	STANDARDIZE_FIRST_TWO_TERMS_FROM_OBSERVED_PAIR	YES
porcupine	porcupine		1	UNCHANGED	NO
rhesus macaque	Rhesus macaque		1	STANDARDIZE_FIRST_TWO_TERMS_FROM_OBSERVED_PAIR	YES
sambar (Rusa unicolor)	sambar (Rusa unicolor)		1	UNCHANGED	NO
sea otter	Sea otter		1	STANDARDIZE_FIRST_TWO_TERMS_FROM_OBSERVED_PAIR	YES
sheep; asymptomatic carrier	sheep		1	TRUNCATE_AT_FIRST_SEMICOLON	YES
sika deer	Sika deer		1	STANDARDIZE_FIRST_TWO_TERMS_FROM_OBSERVED_PAIR	YES
six month old calf	six month old calf		1	UNCHANGED	NO
vaal rhebok (Pelea capreolus)	Vaal rhebok (Pelea capreolus)		1	STANDARDIZE_FIRST_TWO_TERMS_FROM_OBSERVED_PAIR	YES
wild beluga whale; dev_stage: juvenile; sex: female	wild beluga whale		1	TRUNCATE_AT_FIRST_SEMICOLON	YES
